,countyFIPS,County Name,State,Cases
1,1001,Autauga County,AL,136
2,1003,Baldwin County,AL,270
3,1005,Barbour County,AL,96
4,1007,Bibb County,AL,52
5,1009,Blount County,AL,47
6,1011,Bullock County,AL,64
7,1013,Butler County,AL,312
8,1015,Calhoun County,AL,136
9,1017,Chambers County,AL,330
10,1019,Cherokee County,AL,30
11,1021,Chilton County,AL,83
12,1023,Choctaw County,AL,129
13,1025,Clarke County,AL,89
14,1027,Clay County,AL,27
15,1029,Cleburne County,AL,13
16,1031,Coffee County,AL,184
17,1033,Colbert County,AL,110
18,1035,Conecuh County,AL,22
19,1037,Coosa County,AL,33
20,1039,Covington County,AL,59
21,1041,Crenshaw County,AL,52
22,1043,Cullman County,AL,71
23,1045,Dale County,AL,71
24,1047,Dallas County,AL,172
25,1049,DeKalb County,AL,206
26,1051,Elmore County,AL,226
27,1053,Escambia County,AL,39
28,1055,Etowah County,AL,223
29,1057,Fayette County,AL,9
30,1059,Franklin County,AL,399
31,1061,Geneva County,AL,26
32,1063,Greene County,AL,86
33,1065,Hale County,AL,106
34,1067,Henry County,AL,48
35,1069,Houston County,AL,149
36,1071,Jackson County,AL,66
37,1073,Jefferson County,AL,1433
38,1075,Lamar County,AL,15
39,1077,Lauderdale County,AL,117
40,1079,Lawrence County,AL,35
41,1081,Lee County,AL,461
42,1083,Limestone County,AL,69
43,1085,Lowndes County,AL,155
44,1087,Macon County,AL,58
45,1089,Madison County,AL,284
46,1091,Marengo County,AL,118
47,1093,Marion County,AL,107
48,1095,Marshall County,AL,641
49,1097,Mobile County,AL,1822
50,1099,Monroe County,AL,22
51,1101,Montgomery County,AL,994
52,1103,Morgan County,AL,132
53,1105,Perry County,AL,23
54,1107,Pickens County,AL,86
55,1109,Pike County,AL,121
56,1111,Randolph County,AL,120
57,1113,Russell County,AL,116
58,1115,St. Clair County,AL,95
59,1117,Shelby County,AL,414
60,1119,Sumter County,AL,164
61,1121,Talladega County,AL,82
62,1123,Tallapoosa County,AL,379
63,1125,Tuscaloosa County,AL,431
64,1127,Walker County,AL,164
65,1129,Washington County,AL,62
66,1131,Wilcox County,AL,108
67,1133,Winston County,AL,50
69,2013,Aleutians East Borough,AK,0
70,2016,Aleutians West Census Area,AK,0
71,2020,Municipality of Anchorage,AK,206
72,2050,Bethel Census Area,AK,2
73,2060,Bristol Bay Borough,AK,0
74,2068,Denali Borough,AK,0
75,2070,Dillingham Census Area,AK,0
76,2090,Fairbanks North Star Borough,AK,85
77,2100,Haines Borough,AK,0
78,2105,Hoonah-Angoon Census Area,AK,0
79,2110,City and Borough of Juneau,AK,30
80,2122,Kenai Peninsula Borough,AK,26
81,2130,Ketchikan Gateway Borough,AK,16
82,2150,Kodiak Island Borough,AK,1
83,2158,Kusilvak Census Area,AK,0
84,2164,Lake and Peninsula Borough,AK,0
85,2170,Matanuska-Susitna Borough,AK,22
86,2180,Nome Census Area,AK,1
87,2185,North Slope Borough,AK,0
88,2188,Northwest Arctic Borough,AK,1
89,2195,Petersburg Census Area,AK,4
90,2198,Prince of Wales-Hyder Census Area,AK,2
91,2220,Sitka City and Borough,AK,1
92,2230,Skagway Municipality,AK,0
93,2240,Southeast Fairbanks Census Area,AK,3
94,2261,Valdez-Cordova Census Area,AK,0
95,2270,Wade Hampton Census Area,AK,0
96,2275,Wrangell City and Borough,AK,0
97,2282,Yakutat City and Borough,AK,0
98,2290,Yukon-Koyukuk Census Area,AK,1
100,4001,Apache County,AZ,1080
101,4003,Cochise County,AZ,46
102,4005,Coconino County,AZ,961
103,4007,Gila County,AZ,22
104,4009,Graham County,AZ,21
105,4011,Greenlee County,AZ,3
106,4012,La Paz County,AZ,40
107,4013,Maricopa County,AZ,7644
108,4015,Mohave County,AZ,267
109,4017,Navajo County,AZ,1361
110,4019,Pima County,AZ,1903
111,4021,Pinal County,AZ,724
112,4023,Santa Cruz County,AZ,102
113,4025,Yavapai County,AZ,273
114,4027,Yuma County,AZ,450
116,5001,Arkansas County,AR,2
117,5003,Ashley County,AR,19
118,5005,Baxter County,AR,6
119,5007,Benton County,AR,163
120,5009,Boone County,AR,5
121,5011,Bradley County,AR,14
122,5013,Calhoun County,AR,0
123,5015,Carroll County,AR,6
124,5017,Chicot County,AR,11
125,5019,Clark County,AR,35
126,5021,Clay County,AR,4
127,5023,Cleburne County,AR,73
128,5025,Cleveland County,AR,17
129,5027,Columbia County,AR,20
130,5029,Conway County,AR,14
131,5031,Craighead County,AR,153
132,5033,Crawford County,AR,12
133,5035,Crittenden County,AR,250
134,5037,Cross County,AR,40
135,5039,Dallas County,AR,1
136,5041,Desha County,AR,18
137,5043,Drew County,AR,19
138,5045,Faulkner County,AR,95
139,5047,Franklin County,AR,2
140,5049,Fulton County,AR,4
141,5051,Garland County,AR,130
142,5053,Grant County,AR,16
143,5055,Greene County,AR,29
144,5057,Hempstead County,AR,10
145,5059,Hot Spring County,AR,29
146,5061,Howard County,AR,14
147,5063,Independence County,AR,27
148,5065,Izard County,AR,14
149,5067,Jackson County,AR,1
150,5069,Jefferson County,AR,499
151,5071,Johnson County,AR,35
152,5073,Lafayette County,AR,9
153,5075,Lawrence County,AR,77
154,5077,Lee County,AR,12
155,5079,Lincoln County,AR,966
156,5081,Little River County,AR,1
157,5083,Logan County,AR,4
158,5085,Lonoke County,AR,45
159,5087,Madison County,AR,2
160,5089,Marion County,AR,1
161,5091,Miller County,AR,42
162,5093,Mississippi County,AR,66
163,5095,Monroe County,AR,5
164,5097,Montgomery County,AR,1
165,5099,Nevada County,AR,4
166,5101,Newton County,AR,3
167,5103,Ouachita County,AR,10
168,5105,Perry County,AR,12
169,5107,Phillips County,AR,5
170,5109,Pike County,AR,3
171,5111,Poinsett County,AR,28
172,5113,Polk County,AR,9
173,5115,Pope County,AR,79
174,5117,Prairie County,AR,2
175,5119,Pulaski County,AR,724
176,5121,Randolph County,AR,24
177,5123,St. Francis County,AR,365
178,5125,Saline County,AR,82
179,5127,Scott County,AR,1
180,5129,Searcy County,AR,6
181,5131,Sebastian County,AR,18
182,5133,Sevier County,AR,49
183,5135,Sharp County,AR,40
184,5137,Stone County,AR,8
185,5139,Union County,AR,121
186,5141,Van Buren County,AR,28
187,5143,Washington County,AR,154
188,5145,White County,AR,37
189,5147,Woodruff County,AR,1
190,5149,Yell County,AR,38
192,6000,Grand Princess Cruise Ship,CA,21
193,6001,Alameda County,CA,2560
194,6003,Alpine County,CA,2
195,6005,Amador County,CA,10
196,6007,Butte County,CA,30
197,6009,Calaveras County,CA,13
198,6011,Colusa County,CA,4
199,6013,Contra Costa County,CA,1209
200,6015,Del Norte County,CA,15
201,6017,El Dorado County,CA,67
202,6019,Fresno County,CA,1338
203,6021,Glenn County,CA,12
204,6023,Humboldt County,CA,88
205,6025,Imperial County,CA,985
206,6027,Inyo County,CA,19
207,6029,Kern County,CA,1605
208,6031,Kings County,CA,416
209,6033,Lake County,CA,12
210,6035,Lassen County,CA,0
211,6037,Los Angeles County,CA,40857
212,6039,Madera County,CA,82
213,6041,Marin County,CA,343
214,6043,Mariposa County,CA,15
215,6045,Mendocino County,CA,15
216,6047,Merced County,CA,222
217,6049,Modoc County,CA,0
218,6051,Mono County,CA,34
219,6053,Monterey County,CA,444
220,6055,Napa County,CA,94
221,6057,Nevada County,CA,41
222,6059,Orange County,CA,4742
223,6061,Placer County,CA,176
224,6063,Plumas County,CA,4
225,6065,Riverside County,CA,6184
226,6067,Sacramento County,CA,1255
227,6069,San Benito County,CA,64
228,6071,San Bernardino County,CA,3795
229,6073,San Diego County,CA,6140
230,6075,San Francisco County,CA,2185
231,6077,San Joaquin County,CA,716
232,6079,San Luis Obispo County,CA,249
233,6081,San Mateo County,CA,1697
234,6083,Santa Barbara County,CA,1520
235,6085,Santa Clara County,CA,2492
236,6087,Santa Cruz County,CA,168
237,6089,Shasta County,CA,34
238,6091,Sierra County,CA,0
239,6093,Siskiyou County,CA,6
240,6095,Solano County,CA,435
241,6097,Sonoma County,CA,411
242,6099,Stanislaus County,CA,598
243,6101,Sutter County,CA,40
244,6103,Tehama County,CA,2
245,6105,Trinity County,CA,1
246,6107,Tulare County,CA,1552
247,6109,Tuolumne County,CA,2
248,6111,Ventura County,CA,858
249,6113,Yolo County,CA,185
250,6115,Yuba County,CA,28
252,8001,Adams County,CO,2737
253,8003,Alamosa County,CO,43
254,8005,Arapahoe County,CO,3889
255,8007,Archuleta County,CO,8
256,8009,Baca County,CO,12
257,8011,Bent County,CO,1
258,8013,Boulder County,CO,878
259,8014,Broomfield County and City,CO,215
260,8015,Chaffee County,CO,69
261,8017,Cheyenne County,CO,5
262,8019,Clear Creek County,CO,16
263,8021,Conejos County,CO,1
264,8023,Costilla County,CO,3
265,8025,Crowley County,CO,42
266,8027,Custer County,CO,2
267,8029,Delta County,CO,55
268,8031,Denver County,CO,4858
269,8033,Dolores County,CO,0
270,8035,Douglas County,CO,659
271,8037,Eagle County,CO,572
272,8039,Elbert County,CO,48
273,8041,El Paso County,CO,1386
274,8043,Fremont County,CO,25
275,8045,Garfield County,CO,114
276,8047,Gilpin County,CO,3
277,8049,Grand County,CO,5
278,8051,Gunnison County,CO,176
279,8053,Hinsdale County,CO,3
280,8055,Huerfano County,CO,3
281,8057,Jackson County,CO,0
282,8059,Jefferson County,CO,1932
283,8061,Kiowa County,CO,0
284,8063,Kit Carson County,CO,26
285,8065,Lake County,CO,27
286,8067,La Plata County,CO,72
287,8069,Larimer County,CO,512
288,8071,Las Animas County,CO,4
289,8073,Lincoln County,CO,3
290,8075,Logan County,CO,489
291,8077,Mesa County,CO,50
292,8079,Mineral County,CO,2
293,8081,Moffat County,CO,6
294,8083,Montezuma County,CO,30
295,8085,Montrose County,CO,136
296,8087,Morgan County,CO,579
297,8089,Otero County,CO,13
298,8091,Ouray County,CO,7
299,8093,Park County,CO,20
300,8095,Phillips County,CO,10
301,8097,Pitkin County,CO,57
302,8099,Prowers County,CO,11
303,8101,Pueblo County,CO,220
304,8103,Rio Blanco County,CO,1
305,8105,Rio Grande County,CO,8
306,8107,Routt County,CO,59
307,8109,Saguache County,CO,18
308,8111,San Juan County,CO,1
309,8113,San Miguel County,CO,22
310,8115,Sedgwick County,CO,0
311,8117,Summit County,CO,194
312,8119,Teller County,CO,32
313,8121,Washington County,CO,11
314,8123,Weld County,CO,2338
315,8125,Yuma County,CO,11
317,9001,Fairfield County,CT,14719
318,9003,Hartford County,CT,9234
319,9005,Litchfield County,CT,1298
320,9007,Middlesex County,CT,965
321,9009,New Haven County,CT,10587
322,9011,New London County,CT,896
323,9013,Tolland County,CT,786
324,9015,Windham County,CT,329
326,10001,Kent County,DE,1253
327,10003,New Castle County,DE,2933
328,10005,Sussex County,DE,3960
329,11001,Washington,DC,7551
331,12001,Alachua County,FL,344
332,12003,Baker County,FL,26
333,12005,Bay County,FL,86
334,12007,Bradford County,FL,49
335,12009,Brevard County,FL,372
336,12011,Broward County,FL,6407
337,12013,Calhoun County,FL,40
338,12015,Charlotte County,FL,398
339,12017,Citrus County,FL,115
340,12019,Clay County,FL,333
341,12021,Collier County,FL,1058
342,12023,Columbia County,FL,115
343,12027,DeSoto County,FL,80
344,12029,Dixie County,FL,26
345,12031,Duval County,FL,1336
346,12033,Escambia County,FL,723
347,12035,Flagler County,FL,169
348,12037,Franklin County,FL,2
349,12039,Gadsden County,FL,245
350,12041,Gilchrist County,FL,8
351,12043,Glades County,FL,16
352,12045,Gulf County,FL,1
353,12047,Hamilton County,FL,153
354,12049,Hardee County,FL,47
355,12051,Hendry County,FL,228
356,12053,Hernando County,FL,107
357,12055,Highlands County,FL,107
358,12057,Hillsborough County,FL,1703
359,12059,Holmes County,FL,11
360,12061,Indian River County,FL,108
361,12063,Jackson County,FL,171
362,12065,Jefferson County,FL,28
363,12067,Lafayette County,FL,6
364,12069,Lake County,FL,260
365,12071,Lee County,FL,1542
366,12073,Leon County,FL,306
367,12075,Levy County,FL,27
368,12077,Liberty County,FL,199
369,12079,Madison County,FL,66
370,12081,Manatee County,FL,893
371,12083,Marion County,FL,228
372,12085,Martin County,FL,419
373,12086,Miami-Dade County,FL,16034
374,12087,Monroe County,FL,100
375,12089,Nassau County,FL,69
376,12091,Okaloosa County,FL,184
377,12093,Okeechobee County,FL,49
378,12095,Orange County,FL,1708
379,12097,Osceola County,FL,636
380,12099,Palm Beach County,FL,4776
381,12101,Pasco County,FL,328
382,12103,Pinellas County,FL,1075
383,12105,Polk County,FL,786
384,12107,Putnam County,FL,135
385,12109,St. Johns County,FL,233
386,12111,St. Lucie County,FL,336
387,12113,Santa Rosa County,FL,197
388,12115,Sarasota County,FL,538
389,12117,Seminole County,FL,444
390,12119,Sumter County,FL,252
391,12121,Suwannee County,FL,160
392,12123,Taylor County,FL,5
393,12125,Union County,FL,26
394,12127,Volusia County,FL,618
395,12129,Wakulla County,FL,32
396,12131,Walton County,FL,97
397,12133,Washington County,FL,14
399,13001,Appling County,GA,115
400,13003,Atkinson County,GA,24
401,13005,Bacon County,GA,68
402,13007,Baker County,GA,32
403,13009,Baldwin County,GA,296
404,13011,Banks County,GA,46
405,13013,Barrow County,GA,273
406,13015,Bartow County,GA,419
407,13017,Ben Hill County,GA,48
408,13019,Berrien County,GA,25
409,13021,Bibb County,GA,412
410,13023,Bleckley County,GA,33
411,13025,Brantley County,GA,46
412,13027,Brooks County,GA,66
413,13029,Bryan County,GA,67
414,13031,Bulloch County,GA,46
415,13033,Burke County,GA,120
416,13035,Butts County,GA,205
417,13037,Calhoun County,GA,121
418,13039,Camden County,GA,51
419,13043,Candler County,GA,12
420,13045,Carroll County,GA,425
421,13047,Catoosa County,GA,77
422,13049,Charlton County,GA,28
423,13051,Chatham County,GA,390
424,13053,Chattahoochee County,GA,20
425,13055,Chattooga County,GA,19
426,13057,Cherokee County,GA,758
427,13059,Clarke County,GA,200
428,13061,Clay County,GA,31
429,13063,Clayton County,GA,1034
430,13065,Clinch County,GA,46
431,13067,Cobb County,GA,2587
432,13069,Coffee County,GA,210
433,13071,Colquitt County,GA,262
434,13073,Columbia County,GA,214
435,13075,Cook County,GA,36
436,13077,Coweta County,GA,286
437,13079,Crawford County,GA,23
438,13081,Crisp County,GA,203
439,13083,Dade County,GA,20
440,13085,Dawson County,GA,95
441,13087,Decatur County,GA,141
442,13089,DeKalb County,GA,2980
443,13091,Dodge County,GA,47
444,13093,Dooly County,GA,163
445,13095,Dougherty County,GA,1711
446,13097,Douglas County,GA,452
447,13099,Early County,GA,234
448,13101,Echols County,GA,53
449,13103,Effingham County,GA,48
450,13105,Elbert County,GA,69
451,13107,Emanuel County,GA,26
452,13109,Evans County,GA,5
453,13111,Fannin County,GA,39
454,13113,Fayette County,GA,213
455,13115,Floyd County,GA,210
456,13117,Forsyth County,GA,435
457,13119,Franklin County,GA,35
458,13121,Fulton County,GA,3794
459,13123,Gilmer County,GA,117
460,13125,Glascock County,GA,1
461,13127,Glynn County,GA,82
462,13129,Gordon County,GA,134
463,13131,Grady County,GA,92
464,13133,Greene County,GA,60
465,13135,Gwinnett County,GA,2824
466,13137,Habersham County,GA,471
467,13139,Hall County,GA,2230
468,13141,Hancock County,GA,167
469,13143,Haralson County,GA,35
470,13145,Harris County,GA,75
471,13147,Hart County,GA,26
472,13149,Heard County,GA,23
473,13151,Henry County,GA,615
474,13153,Houston County,GA,324
475,13155,Irwin County,GA,22
476,13157,Jackson County,GA,137
477,13159,Jasper County,GA,26
478,13161,Jeff Davis County,GA,26
479,13163,Jefferson County,GA,26
480,13165,Jenkins County,GA,16
481,13167,Johnson County,GA,76
482,13169,Jones County,GA,32
483,13171,Lamar County,GA,44
484,13173,Lanier County,GA,12
485,13175,Laurens County,GA,94
486,13177,Lee County,GA,339
487,13179,Liberty County,GA,47
488,13181,Lincoln County,GA,15
489,13183,Long County,GA,6
490,13185,Lowndes County,GA,226
491,13187,Lumpkin County,GA,88
492,13189,McDuffie County,GA,57
493,13191,McIntosh County,GA,11
494,13193,Macon County,GA,94
495,13195,Madison County,GA,32
496,13197,Marion County,GA,47
497,13199,Meriwether County,GA,73
498,13201,Miller County,GA,36
499,13205,Mitchell County,GA,397
500,13207,Monroe County,GA,109
501,13209,Montgomery County,GA,8
502,13211,Morgan County,GA,34
503,13213,Murray County,GA,66
504,13215,Muscogee County,GA,457
505,13217,Newton County,GA,275
506,13219,Oconee County,GA,82
507,13221,Oglethorpe County,GA,56
508,13223,Paulding County,GA,262
509,13225,Peach County,GA,69
510,13227,Pickens County,GA,39
511,13229,Pierce County,GA,84
512,13231,Pike County,GA,45
513,13233,Polk County,GA,86
514,13235,Pulaski County,GA,35
515,13237,Putnam County,GA,83
516,13239,Quitman County,GA,8
517,13241,Rabun County,GA,15
518,13243,Randolph County,GA,170
519,13245,Richmond County,GA,501
520,13247,Rockdale County,GA,251
521,13249,Schley County,GA,16
522,13251,Screven County,GA,20
523,13253,Seminole County,GA,41
524,13255,Spalding County,GA,246
525,13257,Stephens County,GA,117
526,13259,Stewart County,GA,40
527,13261,Sumter County,GA,425
528,13263,Talbot County,GA,31
529,13265,Taliaferro County,GA,1
530,13267,Tattnall County,GA,13
531,13269,Taylor County,GA,21
532,13271,Telfair County,GA,29
533,13273,Terrell County,GA,203
534,13275,Thomas County,GA,302
535,13277,Tift County,GA,194
536,13279,Toombs County,GA,47
537,13281,Towns County,GA,21
538,13283,Treutlen County,GA,8
539,13285,Troup County,GA,215
540,13287,Turner County,GA,85
541,13289,Twiggs County,GA,10
542,13291,Union County,GA,38
543,13293,Upson County,GA,267
544,13295,Walker County,GA,81
545,13297,Walton County,GA,172
546,13299,Ware County,GA,191
547,13301,Warren County,GA,16
548,13303,Washington County,GA,71
549,13305,Wayne County,GA,15
550,13307,Webster County,GA,11
551,13309,Wheeler County,GA,9
552,13311,White County,GA,91
553,13313,Whitfield County,GA,206
554,13315,Wilcox County,GA,98
555,13317,Wilkes County,GA,30
556,13319,Wilkinson County,GA,49
557,13321,Worth County,GA,202
559,15001,Hawaii County,HI,79
560,15003,Honolulu County,HI,414
561,15005,Kalawao County,HI,0
562,15007,Kauai County,HI,20
563,15009,Maui County,HI,117
565,16001,Ada County,ID,791
566,16003,Adams County,ID,3
567,16005,Bannock County,ID,16
568,16007,Bear Lake County,ID,0
569,16009,Benewah County,ID,0
570,16011,Bingham County,ID,6
571,16013,Blaine County,ID,509
572,16015,Boise County,ID,0
573,16017,Bonner County,ID,4
574,16019,Bonneville County,ID,32
575,16021,Boundary County,ID,0
576,16023,Butte County,ID,0
577,16025,Camas County,ID,1
578,16027,Canyon County,ID,280
579,16029,Caribou County,ID,1
580,16031,Cassia County,ID,20
581,16033,Clark County,ID,0
582,16035,Clearwater County,ID,0
583,16037,Custer County,ID,2
584,16039,Elmore County,ID,31
585,16041,Franklin County,ID,0
586,16043,Fremont County,ID,3
587,16045,Gem County,ID,16
588,16047,Gooding County,ID,29
589,16049,Idaho County,ID,3
590,16051,Jefferson County,ID,7
591,16053,Jerome County,ID,110
592,16055,Kootenai County,ID,66
593,16057,Latah County,ID,6
594,16059,Lemhi County,ID,1
595,16061,Lewis County,ID,0
596,16063,Lincoln County,ID,29
597,16065,Madison County,ID,20
598,16067,Minidoka County,ID,20
599,16069,Nez Perce County,ID,81
600,16071,Oneida County,ID,0
601,16073,Owyhee County,ID,8
602,16075,Payette County,ID,22
603,16077,Power County,ID,3
604,16079,Shoshone County,ID,0
605,16081,Teton County,ID,11
606,16083,Twin Falls County,ID,340
607,16085,Valley County,ID,2
608,16087,Washington County,ID,32
610,17001,Adams County,IL,43
611,17003,Alexander County,IL,8
612,17005,Bond County,IL,10
613,17007,Boone County,IL,324
614,17009,Brown County,IL,10
615,17011,Bureau County,IL,15
616,17013,Calhoun County,IL,1
617,17015,Carroll County,IL,13
618,17017,Cass County,IL,67
619,17019,Champaign County,IL,472
620,17021,Christian County,IL,32
621,17023,Clark County,IL,9
622,17025,Clay County,IL,2
623,17027,Clinton County,IL,167
624,17029,Coles County,IL,88
625,17031,Cook County,IL,66213
626,17033,Crawford County,IL,11
627,17035,Cumberland County,IL,10
628,17037,DeKalb County,IL,276
629,17039,De Witt County,IL,4
630,17041,Douglas County,IL,26
631,17043,DuPage County,IL,6308
632,17045,Edgar County,IL,0
633,17047,Edwards County,IL,2
634,17049,Effingham County,IL,6
635,17051,Fayette County,IL,19
636,17053,Ford County,IL,18
637,17055,Franklin County,IL,11
638,17057,Fulton County,IL,10
639,17059,Gallatin County,IL,2
640,17061,Greene County,IL,5
641,17063,Grundy County,IL,82
642,17065,Hamilton County,IL,2
643,17067,Hancock County,IL,12
644,17069,Hardin County,IL,1
645,17071,Henderson County,IL,8
646,17073,Henry County,IL,64
647,17075,Iroquois County,IL,119
648,17077,Jackson County,IL,187
649,17079,Jasper County,IL,45
650,17081,Jefferson County,IL,99
651,17083,Jersey County,IL,20
652,17085,Jo Daviess County,IL,22
653,17087,Johnson County,IL,7
654,17089,Kane County,IL,4813
655,17091,Kankakee County,IL,703
656,17093,Kendall County,IL,610
657,17095,Knox County,IL,90
658,17097,Lake County,IL,6905
659,17099,LaSalle County,IL,129
660,17101,Lawrence County,IL,4
661,17103,Lee County,IL,75
662,17105,Livingston County,IL,28
663,17107,Logan County,IL,10
664,17109,McDonough County,IL,73
665,17111,McHenry County,IL,1255
666,17113,McLean County,IL,191
667,17115,Macon County,IL,176
668,17117,Macoupin County,IL,40
669,17119,Madison County,IL,502
670,17121,Marion County,IL,49
671,17123,Marshall County,IL,5
672,17125,Mason County,IL,16
673,17127,Massac County,IL,6
674,17129,Menard County,IL,17
675,17131,Mercer County,IL,13
676,17133,Monroe County,IL,90
677,17135,Montgomery County,IL,38
678,17137,Morgan County,IL,34
679,17139,Moultrie County,IL,8
680,17141,Ogle County,IL,174
681,17143,Peoria County,IL,167
682,17145,Perry County,IL,40
683,17147,Piatt County,IL,8
684,17149,Pike County,IL,1
685,17151,Pope County,IL,1
686,17153,Pulaski County,IL,40
687,17155,Putnam County,IL,1
688,17157,Randolph County,IL,246
689,17159,Richland County,IL,3
690,17161,Rock Island County,IL,600
691,17163,St. Clair County,IL,858
692,17165,Saline County,IL,6
693,17167,Sangamon County,IL,319
694,17169,Schuyler County,IL,8
695,17171,Scott County,IL,0
696,17173,Shelby County,IL,15
697,17175,Stark County,IL,2
698,17177,Stephenson County,IL,161
699,17179,Tazewell County,IL,65
700,17181,Union County,IL,124
701,17183,Vermilion County,IL,31
702,17185,Wabash County,IL,1
703,17187,Warren County,IL,110
704,17189,Washington County,IL,18
705,17191,Wayne County,IL,9
706,17193,White County,IL,2
707,17195,Whiteside County,IL,128
708,17197,Will County,IL,4694
709,17199,Williamson County,IL,54
710,17201,Winnebago County,IL,1615
711,17203,Woodford County,IL,17
713,18001,Adams County,IN,11
714,18003,Allen County,IN,1106
715,18005,Bartholomew County,IN,448
716,18007,Benton County,IN,24
717,18009,Blackford County,IN,16
718,18011,Boone County,IN,263
719,18013,Brown County,IN,31
720,18015,Carroll County,IN,81
721,18017,Cass County,IN,1564
722,18019,Clark County,IN,438
723,18021,Clay County,IN,33
724,18023,Clinton County,IN,163
725,18025,Crawford County,IN,22
726,18027,Daviess County,IN,71
727,18029,Dearborn County,IN,158
728,18031,Decatur County,IN,220
729,18033,DeKalb County,IN,26
730,18035,Delaware County,IN,297
731,18037,Dubois County,IN,162
732,18039,Elkhart County,IN,777
733,18041,Fayette County,IN,43
734,18043,Floyd County,IN,306
735,18045,Fountain County,IN,17
736,18047,Franklin County,IN,106
737,18049,Fulton County,IN,46
738,18051,Gibson County,IN,11
739,18053,Grant County,IN,168
740,18055,Greene County,IN,162
741,18057,Hamilton County,IN,1054
742,18059,Hancock County,IN,303
743,18061,Harrison County,IN,175
744,18063,Hendricks County,IN,1060
745,18065,Henry County,IN,139
746,18067,Howard County,IN,331
747,18069,Huntington County,IN,20
748,18071,Jackson County,IN,338
749,18073,Jasper County,IN,48
750,18075,Jay County,IN,32
751,18077,Jefferson County,IN,41
752,18079,Jennings County,IN,121
753,18081,Johnson County,IN,1029
754,18083,Knox County,IN,23
755,18085,Kosciusko County,IN,60
756,18087,LaGrange County,IN,56
757,18089,Lake County,IN,3024
758,18091,LaPorte County,IN,365
759,18093,Lawrence County,IN,140
760,18095,Madison County,IN,568
761,18097,Marion County,IN,8656
762,18099,Marshall County,IN,50
763,18101,Martin County,IN,8
764,18103,Miami County,IN,132
765,18105,Monroe County,IN,154
766,18107,Montgomery County,IN,191
767,18109,Morgan County,IN,250
768,18111,Newton County,IN,71
769,18113,Noble County,IN,155
770,18115,Ohio County,IN,13
771,18117,Orange County,IN,122
772,18119,Owen County,IN,28
773,18121,Parke County,IN,17
774,18123,Perry County,IN,20
775,18125,Pike County,IN,5
776,18127,Porter County,IN,421
777,18129,Posey County,IN,16
778,18131,Pulaski County,IN,37
779,18133,Putnam County,IN,126
780,18135,Randolph County,IN,30
781,18137,Ripley County,IN,107
782,18139,Rush County,IN,42
783,18141,St. Joseph County,IN,1054
784,18143,Scott County,IN,101
785,18145,Shelby County,IN,302
786,18147,Spencer County,IN,13
787,18149,Starke County,IN,28
788,18151,Steuben County,IN,71
789,18153,Sullivan County,IN,29
790,18155,Switzerland County,IN,18
791,18157,Tippecanoe County,IN,331
792,18159,Tipton County,IN,21
793,18161,Union County,IN,8
794,18163,Vanderburgh County,IN,225
795,18165,Vermillion County,IN,8
796,18167,Vigo County,IN,126
797,18169,Wabash County,IN,71
798,18171,Warren County,IN,12
799,18173,Warrick County,IN,154
800,18175,Washington County,IN,50
801,18177,Wayne County,IN,63
802,18179,Wells County,IN,20
803,18181,White County,IN,188
804,18183,Whitley County,IN,28
806,19001,Adair County,IA,6
807,19003,Adams County,IA,1
808,19005,Allamakee County,IA,116
809,19007,Appanoose County,IA,8
810,19009,Audubon County,IA,11
811,19011,Benton County,IA,36
812,19013,Black Hawk County,IA,1634
813,19015,Boone County,IA,48
814,19017,Bremer County,IA,65
815,19019,Buchanan County,IA,28
816,19021,Buena Vista County,IA,124
817,19023,Butler County,IA,14
818,19025,Calhoun County,IA,2
819,19027,Carroll County,IA,7
820,19029,Cass County,IA,3
821,19031,Cedar County,IA,41
822,19033,Cerro Gordo County,IA,19
823,19035,Cherokee County,IA,9
824,19037,Chickasaw County,IA,8
825,19039,Clarke County,IA,23
826,19041,Clay County,IA,9
827,19043,Clayton County,IA,30
828,19045,Clinton County,IA,60
829,19047,Crawford County,IA,409
830,19049,Dallas County,IA,800
831,19051,Davis County,IA,13
832,19053,Decatur County,IA,0
833,19055,Delaware County,IA,12
834,19057,Des Moines County,IA,42
835,19059,Dickinson County,IA,8
836,19061,Dubuque County,IA,291
837,19063,Emmet County,IA,6
838,19065,Fayette County,IA,25
839,19067,Floyd County,IA,11
840,19069,Franklin County,IA,7
841,19071,Fremont County,IA,4
842,19073,Greene County,IA,13
843,19075,Grundy County,IA,17
844,19077,Guthrie County,IA,40
845,19079,Hamilton County,IA,11
846,19081,Hancock County,IA,5
847,19083,Hardin County,IA,12
848,19085,Harrison County,IA,18
849,19087,Henry County,IA,49
850,19089,Howard County,IA,12
851,19091,Humboldt County,IA,7
852,19093,Ida County,IA,8
853,19095,Iowa County,IA,31
854,19097,Jackson County,IA,8
855,19099,Jasper County,IA,249
856,19101,Jefferson County,IA,13
857,19103,Johnson County,IA,578
858,19105,Jones County,IA,36
859,19107,Keokuk County,IA,13
860,19109,Kossuth County,IA,5
861,19111,Lee County,IA,20
862,19113,Linn County,IA,900
863,19115,Louisa County,IA,317
864,19117,Lucas County,IA,3
865,19119,Lyon County,IA,19
866,19121,Madison County,IA,20
867,19123,Mahaska County,IA,44
868,19125,Marion County,IA,24
869,19127,Marshall County,IA,823
870,19129,Mills County,IA,12
871,19131,Mitchell County,IA,4
872,19133,Monona County,IA,18
873,19135,Monroe County,IA,22
874,19137,Montgomery County,IA,5
875,19139,Muscatine County,IA,535
876,19141,O'Brien County,IA,21
877,19143,Osceola County,IA,29
878,19145,Page County,IA,10
879,19147,Palo Alto County,IA,2
880,19149,Plymouth County,IA,89
881,19151,Pocahontas County,IA,3
882,19153,Polk County,IA,3221
883,19155,Pottawattamie County,IA,177
884,19157,Poweshiek County,IA,87
885,19159,Ringgold County,IA,1
886,19161,Sac County,IA,7
887,19163,Scott County,IA,312
888,19165,Shelby County,IA,24
889,19167,Sioux County,IA,153
890,19169,Story County,IA,82
891,19171,Tama County,IA,367
892,19173,Taylor County,IA,4
893,19175,Union County,IA,4
894,19177,Van Buren County,IA,8
895,19179,Wapello County,IA,416
896,19181,Warren County,IA,87
897,19183,Washington County,IA,173
898,19185,Wayne County,IA,1
899,19187,Webster County,IA,16
900,19189,Winnebago County,IA,7
901,19191,Winneshiek County,IA,20
902,19193,Woodbury County,IA,2353
903,19195,Worth County,IA,3
904,19197,Wright County,IA,25
906,20001,Allen County,KS,0
907,20003,Anderson County,KS,1
908,20005,Atchison County,KS,15
909,20007,Barber County,KS,1
910,20009,Barton County,KS,32
911,20011,Bourbon County,KS,6
912,20013,Brown County,KS,5
913,20015,Butler County,KS,23
914,20017,Chase County,KS,3
915,20019,Chautauqua County,KS,4
916,20021,Cherokee County,KS,8
917,20023,Cheyenne County,KS,2
918,20025,Clark County,KS,21
919,20027,Clay County,KS,5
920,20029,Cloud County,KS,4
921,20031,Coffey County,KS,50
922,20033,Comanche County,KS,0
923,20035,Cowley County,KS,4
924,20037,Crawford County,KS,6
925,20039,Decatur County,KS,0
926,20041,Dickinson County,KS,2
927,20043,Doniphan County,KS,9
928,20045,Douglas County,KS,62
929,20047,Edwards County,KS,5
930,20049,Elk County,KS,0
931,20051,Ellis County,KS,9
932,20053,Ellsworth County,KS,2
933,20055,Finney County,KS,1363
934,20057,Ford County,KS,1440
935,20059,Franklin County,KS,32
936,20061,Geary County,KS,16
937,20063,Gove County,KS,1
938,20065,Graham County,KS,0
939,20067,Grant County,KS,16
940,20069,Gray County,KS,16
941,20071,Greeley County,KS,0
942,20073,Greenwood County,KS,3
943,20075,Hamilton County,KS,11
944,20077,Harper County,KS,1
945,20079,Harvey County,KS,13
946,20081,Haskell County,KS,16
947,20083,Hodgeman County,KS,0
948,20085,Jackson County,KS,31
949,20087,Jefferson County,KS,21
950,20089,Jewell County,KS,4
951,20091,Johnson County,KS,696
952,20093,Kearny County,KS,39
953,20095,Kingman County,KS,0
954,20097,Kiowa County,KS,2
955,20099,Labette County,KS,22
956,20101,Lane County,KS,0
957,20103,Leavenworth County,KS,1058
958,20105,Lincoln County,KS,0
959,20107,Linn County,KS,7
960,20109,Logan County,KS,0
961,20111,Lyon County,KS,366
962,20113,McPherson County,KS,27
963,20115,Marion County,KS,7
964,20117,Marshall County,KS,0
965,20119,Meade County,KS,22
966,20121,Miami County,KS,6
967,20123,Mitchell County,KS,3
968,20125,Montgomery County,KS,19
969,20127,Morris County,KS,3
970,20129,Morton County,KS,4
971,20131,Nemaha County,KS,5
972,20133,Neosho County,KS,2
973,20135,Ness County,KS,1
974,20137,Norton County,KS,2
975,20139,Osage County,KS,7
976,20141,Osborne County,KS,2
977,20143,Ottawa County,KS,4
978,20145,Pawnee County,KS,0
979,20147,Phillips County,KS,2
980,20149,Pottawatomie County,KS,24
981,20151,Pratt County,KS,1
982,20153,Rawlins County,KS,0
983,20155,Reno County,KS,51
984,20157,Republic County,KS,4
985,20159,Rice County,KS,4
986,20161,Riley County,KS,60
987,20163,Rooks County,KS,7
988,20165,Rush County,KS,0
989,20167,Russell County,KS,0
990,20169,Saline County,KS,28
991,20171,Scott County,KS,12
992,20173,Sedgwick County,KS,539
993,20175,Seward County,KS,799
994,20177,Shawnee County,KS,217
995,20179,Sheridan County,KS,2
996,20181,Sherman County,KS,6
997,20183,Smith County,KS,2
998,20185,Stafford County,KS,1
999,20187,Stanton County,KS,8
1000,20189,Stevens County,KS,26
1001,20191,Sumner County,KS,6
1002,20193,Thomas County,KS,0
1003,20195,Trego County,KS,0
1004,20197,Wabaunsee County,KS,29
1005,20199,Wallace County,KS,0
1006,20201,Washington County,KS,0
1007,20203,Wichita County,KS,0
1008,20205,Wilson County,KS,1
1009,20207,Woodson County,KS,6
1010,20209,Wyandotte County,KS,1217
1012,21001,Adair County,KY,94
1013,21003,Allen County,KY,43
1014,21005,Anderson County,KY,15
1015,21007,Ballard County,KY,9
1016,21009,Barren County,KY,38
1017,21011,Bath County,KY,7
1018,21013,Bell County,KY,1
1019,21015,Boone County,KY,359
1020,21017,Bourbon County,KY,8
1021,21019,Boyd County,KY,39
1022,21021,Boyle County,KY,20
1023,21023,Bracken County,KY,10
1024,21025,Breathitt County,KY,2
1025,21027,Breckinridge County,KY,16
1026,21029,Bullitt County,KY,101
1027,21031,Butler County,KY,217
1028,21033,Caldwell County,KY,12
1029,21035,Calloway County,KY,48
1030,21037,Campbell County,KY,137
1031,21039,Carlisle County,KY,3
1032,21041,Carroll County,KY,4
1033,21043,Carter County,KY,9
1034,21045,Casey County,KY,2
1035,21047,Christian County,KY,98
1036,21049,Clark County,KY,35
1037,21051,Clay County,KY,3
1038,21053,Clinton County,KY,3
1039,21055,Crittenden County,KY,4
1040,21057,Cumberland County,KY,5
1041,21059,Daviess County,KY,296
1042,21061,Edmonson County,KY,51
1043,21063,Elliott County,KY,1
1044,21065,Estill County,KY,0
1045,21067,Fayette County,KY,591
1046,21069,Fleming County,KY,2
1047,21071,Floyd County,KY,16
1048,21073,Franklin County,KY,22
1049,21075,Fulton County,KY,2
1050,21077,Gallatin County,KY,3
1051,21079,Garrard County,KY,3
1052,21081,Grant County,KY,36
1053,21083,Graves County,KY,152
1054,21085,Grayson County,KY,110
1055,21087,Green County,KY,1
1056,21089,Greenup County,KY,13
1057,21091,Hancock County,KY,6
1058,21093,Hardin County,KY,88
1059,21095,Harlan County,KY,1
1060,21097,Harrison County,KY,18
1061,21099,Hart County,KY,17
1062,21101,Henderson County,KY,91
1063,21103,Henry County,KY,13
1064,21105,Hickman County,KY,5
1065,21107,Hopkins County,KY,215
1066,21109,Jackson County,KY,59
1067,21111,Jefferson County,KY,1968
1068,21113,Jessamine County,KY,50
1069,21115,Johnson County,KY,5
1070,21117,Kenton County,KY,486
1071,21119,Knott County,KY,4
1072,21121,Knox County,KY,8
1073,21123,Larue County,KY,6
1074,21125,Laurel County,KY,21
1075,21127,Lawrence County,KY,1
1076,21129,Lee County,KY,0
1077,21131,Leslie County,KY,6
1078,21133,Letcher County,KY,3
1079,21135,Lewis County,KY,7
1080,21137,Lincoln County,KY,7
1081,21139,Livingston County,KY,7
1082,21141,Logan County,KY,101
1083,21143,Lyon County,KY,14
1084,21145,McCracken County,KY,85
1085,21147,McCreary County,KY,13
1086,21149,McLean County,KY,18
1087,21151,Madison County,KY,45
1088,21153,Magoffin County,KY,1
1089,21155,Marion County,KY,17
1090,21157,Marshall County,KY,36
1091,21159,Martin County,KY,3
1092,21161,Mason County,KY,8
1093,21163,Meade County,KY,20
1094,21165,Menifee County,KY,6
1095,21167,Mercer County,KY,12
1096,21169,Metcalfe County,KY,3
1097,21171,Monroe County,KY,6
1098,21173,Montgomery County,KY,17
1099,21175,Morgan County,KY,1
1100,21177,Muhlenberg County,KY,468
1101,21179,Nelson County,KY,34
1102,21181,Nicholas County,KY,1
1103,21183,Ohio County,KY,117
1104,21185,Oldham County,KY,59
1105,21187,Owen County,KY,1
1106,21189,Owsley County,KY,2
1107,21191,Pendleton County,KY,6
1108,21193,Perry County,KY,19
1109,21195,Pike County,KY,28
1110,21197,Powell County,KY,1
1111,21199,Pulaski County,KY,50
1112,21201,Robertson County,KY,0
1113,21203,Rockcastle County,KY,13
1114,21205,Rowan County,KY,7
1115,21207,Russell County,KY,22
1116,21209,Scott County,KY,34
1117,21211,Shelby County,KY,82
1118,21213,Simpson County,KY,43
1119,21215,Spencer County,KY,16
1120,21217,Taylor County,KY,9
1121,21219,Todd County,KY,16
1122,21221,Trigg County,KY,9
1123,21223,Trimble County,KY,3
1124,21225,Union County,KY,10
1125,21227,Warren County,KY,863
1126,21229,Washington County,KY,5
1127,21231,Wayne County,KY,8
1128,21233,Webster County,KY,32
1129,21235,Whitley County,KY,13
1130,21237,Wolfe County,KY,1
1131,21239,Woodford County,KY,19
1133,22001,Acadia Parish,LA,262
1134,22003,Allen Parish,LA,157
1135,22005,Ascension Parish,LA,768
1136,22007,Assumption Parish,LA,233
1137,22009,Avoyelles Parish,LA,96
1138,22011,Beauregard Parish,LA,52
1139,22013,Bienville Parish,LA,84
1140,22015,Bossier Parish,LA,353
1141,22017,Caddo Parish,LA,1939
1142,22019,Calcasieu Parish,LA,521
1143,22021,Caldwell Parish,LA,50
1144,22023,Cameron Parish,LA,3
1145,22025,Catahoula Parish,LA,106
1146,22027,Claiborne Parish,LA,58
1147,22029,Concordia Parish,LA,57
1148,22031,De Soto Parish,LA,228
1149,22033,East Baton Rouge Parish,LA,3213
1150,22035,East Carroll Parish,LA,46
1151,22037,East Feliciana Parish,LA,179
1152,22039,Evangeline Parish,LA,67
1153,22041,Franklin Parish,LA,274
1154,22043,Grant Parish,LA,22
1155,22045,Iberia Parish,LA,359
1156,22047,Iberville Parish,LA,531
1157,22049,Jackson Parish,LA,76
1158,22051,Jefferson Parish,LA,7128
1159,22053,Jefferson Davis Parish,LA,71
1160,22055,Lafayette Parish,LA,607
1161,22057,Lafourche Parish,LA,753
1162,22059,La Salle Parish,LA,40
1163,22061,Lincoln Parish,LA,122
1164,22063,Livingston Parish,LA,358
1165,22065,Madison Parish,LA,33
1166,22067,Morehouse Parish,LA,94
1167,22069,Natchitoches Parish,LA,103
1168,22071,Orleans Parish,LA,6884
1169,22073,Ouachita Parish,LA,980
1170,22075,Plaquemines Parish,LA,197
1171,22077,Pointe Coupee Parish,LA,179
1172,22079,Rapides Parish,LA,516
1173,22081,Red River Parish,LA,43
1174,22083,Richland Parish,LA,108
1175,22085,Sabine Parish,LA,31
1176,22087,St. Bernard Parish,LA,518
1177,22089,St. Charles Parish,LA,615
1178,22091,St. Helena Parish,LA,42
1179,22093,St. James Parish,LA,284
1180,22095,St. John the Baptist Parish,LA,832
1181,22097,St. Landry Parish,LA,237
1182,22099,St. Martin Parish,LA,275
1183,22101,St. Mary Parish,LA,281
1184,22103,St. Tammany Parish,LA,1572
1185,22105,Tangipahoa Parish,LA,752
1186,22107,Tensas Parish,LA,5
1187,22109,Terrebonne Parish,LA,594
1188,22111,Union Parish,LA,245
1189,22113,Vermilion Parish,LA,45
1190,22115,Vernon Parish,LA,21
1191,22117,Washington Parish,LA,376
1192,22119,Webster Parish,LA,119
1193,22121,West Baton Rouge Parish,LA,149
1194,22123,West Carroll Parish,LA,19
1195,22125,West Feliciana Parish,LA,192
1196,22127,Winn Parish,LA,90
1198,23001,Androscoggin County,ME,185
1199,23003,Aroostook County,ME,8
1200,23005,Cumberland County,ME,891
1201,23007,Franklin County,ME,34
1202,23009,Hancock County,ME,11
1203,23011,Kennebec County,ME,121
1204,23013,Knox County,ME,20
1205,23015,Lincoln County,ME,17
1206,23017,Oxford County,ME,18
1207,23019,Penobscot County,ME,95
1208,23021,Piscataquis County,ME,1
1209,23023,Sagadahoc County,ME,28
1210,23025,Somerset County,ME,20
1211,23027,Waldo County,ME,50
1212,23029,Washington County,ME,1
1213,23031,York County,ME,316
1215,24001,Allegany County,MD,166
1216,24003,Anne Arundel County,MD,3033
1217,24005,Baltimore County,MD,5025
1218,24009,Calvert County,MD,259
1219,24011,Caroline County,MD,210
1220,24013,Carroll County,MD,720
1221,24015,Cecil County,MD,328
1222,24017,Charles County,MD,921
1223,24019,Dorchester County,MD,122
1224,24021,Frederick County,MD,1533
1225,24023,Garrett County,MD,7
1226,24025,Harford County,MD,721
1227,24027,Howard County,MD,1494
1228,24029,Kent County,MD,143
1229,24031,Montgomery County,MD,9052
1230,24033,Prince George's County,MD,12446
1231,24035,Queen Anne's County,MD,135
1232,24037,St. Mary's County,MD,340
1233,24039,Somerset County,MD,64
1234,24041,Talbot County,MD,69
1235,24043,Washington County,MD,364
1236,24045,Wicomico County,MD,844
1237,24047,Worcester County,MD,169
1238,24510,Baltimore City,MD,4152
1240,25001,Barnstable County,MA,1197
1241,25003,Berkshire County,MA,500
1242,25005,Bristol County,MA,6165
1243,25007,Dukes County,MA,26
1244,25009,Essex County,MA,12920
1245,25011,Franklin County,MA,309
1246,25013,Hampden County,MA,5418
1247,25015,Hampshire County,MA,792
1248,25017,Middlesex County,MA,19708
1249,25019,Nantucket County,MA,12
1250,25021,Norfolk County,MA,7607
1251,25023,Plymouth County,MA,7280
1252,25025,Suffolk County,MA,16962
1253,25027,Worcester County,MA,9780
1255,26001,Alcona County,MI,8
1256,26003,Alger County,MI,0
1257,26005,Allegan County,MI,191
1258,26007,Alpena County,MI,91
1259,26009,Antrim County,MI,11
1260,26011,Arenac County,MI,32
1261,26013,Baraga County,MI,1
1262,26015,Barry County,MI,57
1263,26017,Bay County,MI,255
1264,26019,Benzie County,MI,4
1265,26021,Berrien County,MI,552
1266,26023,Branch County,MI,97
1267,26025,Calhoun County,MI,320
1268,26027,Cass County,MI,66
1269,26029,Charlevoix County,MI,14
1270,26031,Cheboygan County,MI,21
1271,26033,Chippewa County,MI,2
1272,26035,Clare County,MI,16
1273,26037,Clinton County,MI,136
1274,26039,Crawford County,MI,58
1275,26041,Delta County,MI,16
1276,26043,Dickinson County,MI,5
1277,26045,Eaton County,MI,168
1278,26047,Emmet County,MI,21
1279,26049,Genesee County,MI,1915
1280,26051,Gladwin County,MI,17
1281,26053,Gogebic County,MI,5
1282,26055,Grand Traverse County,MI,23
1283,26057,Gratiot County,MI,56
1284,26059,Hillsdale County,MI,167
1285,26061,Houghton County,MI,2
1286,26063,Huron County,MI,41
1287,26065,Ingham County,MI,667
1288,26067,Ionia County,MI,124
1289,26069,Iosco County,MI,71
1290,26071,Iron County,MI,0
1291,26073,Isabella County,MI,65
1292,26075,Jackson County,MI,421
1293,26077,Kalamazoo County,MI,751
1294,26079,Kalkaska County,MI,18
1295,26081,Kent County,MI,3036
1296,26083,Keweenaw County,MI,0
1297,26085,Lake County,MI,3
1298,26087,Lapeer County,MI,182
1299,26089,Leelanau County,MI,11
1300,26091,Lenawee County,MI,140
1301,26093,Livingston County,MI,387
1302,26095,Luce County,MI,2
1303,26097,Mackinac County,MI,6
1304,26099,Macomb County,MI,6392
1305,26101,Manistee County,MI,11
1306,26103,Marquette County,MI,52
1307,26105,Mason County,MI,28
1308,26107,Mecosta County,MI,19
1309,26109,Menominee County,MI,8
1310,26111,Midland County,MI,76
1311,26113,Missaukee County,MI,16
1312,26115,Monroe County,MI,438
1313,26117,Montcalm County,MI,60
1314,26119,Montmorency County,MI,5
1315,26121,Muskegon County,MI,530
1316,26123,Newaygo County,MI,63
1317,26125,Oakland County,MI,8117
1318,26127,Oceana County,MI,66
1319,26129,Ogemaw County,MI,20
1320,26131,Ontonagon County,MI,0
1321,26133,Osceola County,MI,10
1322,26135,Oscoda County,MI,5
1323,26137,Otsego County,MI,99
1324,26139,Ottawa County,MI,616
1325,26141,Presque Isle County,MI,11
1326,26143,Roscommon County,MI,21
1327,26145,Saginaw County,MI,957
1328,26147,St. Clair County,MI,419
1329,26149,St. Joseph County,MI,92
1330,26151,Sanilac County,MI,39
1331,26153,Schoolcraft County,MI,4
1332,26155,Shiawassee County,MI,235
1333,26157,Tuscola County,MI,174
1334,26159,Van Buren County,MI,116
1335,26161,Washtenaw County,MI,1261
1336,26163,Wayne County,MI,19432
1337,26165,Wexford County,MI,11
1339,27001,Aitkin County,MN,4
1340,27003,Anoka County,MN,955
1341,27005,Becker County,MN,32
1342,27007,Beltrami County,MN,9
1343,27009,Benton County,MN,148
1344,27011,Big Stone County,MN,3
1345,27013,Blue Earth County,MN,98
1346,27015,Brown County,MN,10
1347,27017,Carlton County,MN,70
1348,27019,Carver County,MN,131
1349,27021,Cass County,MN,10
1350,27023,Chippewa County,MN,36
1351,27025,Chisago County,MN,38
1352,27027,Clay County,MN,328
1353,27029,Clearwater County,MN,2
1354,27031,Cook County,MN,0
1355,27033,Cottonwood County,MN,59
1356,27035,Crow Wing County,MN,38
1357,27037,Dakota County,MN,885
1358,27039,Dodge County,MN,40
1359,27041,Douglas County,MN,24
1360,27043,Faribault County,MN,10
1361,27045,Fillmore County,MN,17
1362,27047,Freeborn County,MN,67
1363,27049,Goodhue County,MN,38
1364,27051,Grant County,MN,2
1365,27053,Hennepin County,MN,5838
1366,27055,Houston County,MN,2
1367,27057,Hubbard County,MN,0
1368,27059,Isanti County,MN,20
1369,27061,Itasca County,MN,50
1370,27063,Jackson County,MN,36
1371,27065,Kanabec County,MN,9
1372,27067,Kandiyohi County,MN,426
1373,27069,Kittson County,MN,1
1374,27071,Koochiching County,MN,4
1375,27073,Lac Qui Parle County,MN,3
1376,27075,Lake County,MN,1
1377,27077,Lake of the Woods County,MN,0
1378,27079,Le Sueur County,MN,36
1379,27081,Lincoln County,MN,4
1380,27083,Lyon County,MN,26
1381,27085,McLeod County,MN,19
1382,27087,Mahnomen County,MN,5
1383,27089,Marshall County,MN,8
1384,27091,Martin County,MN,123
1385,27093,Meeker County,MN,40
1386,27095,Mille Lacs County,MN,14
1387,27097,Morrison County,MN,31
1388,27099,Mower County,MN,78
1389,27101,Murray County,MN,33
1390,27103,Nicollet County,MN,44
1391,27105,Nobles County,MN,1396
1392,27107,Norman County,MN,11
1393,27109,Olmsted County,MN,488
1394,27111,Otter Tail County,MN,51
1395,27113,Pennington County,MN,3
1396,27115,Pine County,MN,83
1397,27117,Pipestone County,MN,10
1398,27119,Polk County,MN,57
1399,27121,Pope County,MN,6
1400,27123,Ramsey County,MN,1846
1401,27125,Red Lake County,MN,3
1402,27127,Redwood County,MN,3
1403,27129,Renville County,MN,5
1404,27131,Rice County,MN,295
1405,27133,Rock County,MN,20
1406,27135,Roseau County,MN,1
1407,27137,St. Louis County,MN,109
1408,27139,Scott County,MN,291
1409,27141,Sherburne County,MN,178
1410,27143,Sibley County,MN,11
1411,27145,Stearns County,MN,1831
1412,27147,Steele County,MN,116
1413,27149,Stevens County,MN,0
1414,27151,Swift County,MN,13
1415,27153,Todd County,MN,110
1416,27155,Traverse County,MN,3
1417,27157,Wabasha County,MN,16
1418,27159,Wadena County,MN,6
1419,27161,Waseca County,MN,22
1420,27163,Washington County,MN,414
1421,27165,Watonwan County,MN,42
1422,27167,Wilkin County,MN,11
1423,27169,Winona County,MN,75
1424,27171,Wright County,MN,198
1425,27173,Yellow Medicine County,MN,5
1427,28001,Adams County,MS,178
1428,28003,Alcorn County,MS,12
1429,28005,Amite County,MS,48
1430,28007,Attala County,MS,257
1431,28009,Benton County,MS,13
1432,28011,Bolivar County,MS,132
1433,28013,Calhoun County,MS,59
1434,28015,Carroll County,MS,111
1435,28017,Chickasaw County,MS,117
1436,28019,Choctaw County,MS,24
1437,28021,Claiborne County,MS,51
1438,28023,Clarke County,MS,119
1439,28025,Clay County,MS,86
1440,28027,Coahoma County,MS,86
1441,28029,Copiah County,MS,211
1442,28031,Covington County,MS,117
1443,28033,DeSoto County,MS,418
1444,28035,Forrest County,MS,438
1445,28037,Franklin County,MS,22
1446,28039,George County,MS,19
1447,28041,Greene County,MS,7
1448,28043,Grenada County,MS,63
1449,28045,Hancock County,MS,81
1450,28047,Harrison County,MS,220
1451,28049,Hinds County,MS,800
1452,28051,Holmes County,MS,320
1453,28053,Humphreys County,MS,49
1454,28055,Issaquena County,MS,0
1455,28057,Itawamba County,MS,80
1456,28059,Jackson County,MS,288
1457,28061,Jasper County,MS,123
1458,28063,Jefferson County,MS,38
1459,28065,Jefferson Davis County,MS,69
1460,28067,Jones County,MS,366
1461,28069,Kemper County,MS,110
1462,28071,Lafayette County,MS,110
1463,28073,Lamar County,MS,205
1464,28075,Lauderdale County,MS,616
1465,28077,Lawrence County,MS,80
1466,28079,Leake County,MS,367
1467,28081,Lee County,MS,95
1468,28083,Leflore County,MS,205
1469,28085,Lincoln County,MS,222
1470,28087,Lowndes County,MS,135
1471,28089,Madison County,MS,573
1472,28091,Marion County,MS,97
1473,28093,Marshall County,MS,68
1474,28095,Monroe County,MS,226
1475,28097,Montgomery County,MS,75
1476,28099,Neshoba County,MS,452
1477,28101,Newton County,MS,206
1478,28103,Noxubee County,MS,145
1479,28105,Oktibbeha County,MS,110
1480,28107,Panola County,MS,54
1481,28109,Pearl River County,MS,197
1482,28111,Perry County,MS,38
1483,28113,Pike County,MS,186
1484,28115,Pontotoc County,MS,25
1485,28117,Prentiss County,MS,36
1486,28119,Quitman County,MS,21
1487,28121,Rankin County,MS,310
1488,28123,Scott County,MS,567
1489,28125,Sharkey County,MS,7
1490,28127,Simpson County,MS,79
1491,28129,Smith County,MS,121
1492,28131,Stone County,MS,25
1493,28133,Sunflower County,MS,70
1494,28135,Tallahatchie County,MS,21
1495,28137,Tate County,MS,56
1496,28139,Tippah County,MS,69
1497,28141,Tishomingo County,MS,21
1498,28143,Tunica County,MS,45
1499,28145,Union County,MS,65
1500,28147,Walthall County,MS,46
1501,28149,Warren County,MS,136
1502,28151,Washington County,MS,139
1503,28153,Wayne County,MS,51
1504,28155,Webster County,MS,22
1505,28157,Wilkinson County,MS,80
1506,28159,Winston County,MS,86
1507,28161,Yalobusha County,MS,75
1508,28163,Yazoo County,MS,194
1510,29001,Adair County,MO,34
1511,29003,Andrew County,MO,20
1512,29005,Atchison County,MO,3
1513,29007,Audrain County,MO,18
1514,29009,Barry County,MO,6
1515,29011,Barton County,MO,0
1516,29013,Bates County,MO,7
1517,29015,Benton County,MO,9
1518,29017,Bollinger County,MO,4
1519,29019,Boone County,MO,106
1520,29021,Buchanan County,MO,562
1521,29023,Butler County,MO,28
1522,29025,Caldwell County,MO,5
1523,29027,Callaway County,MO,23
1524,29029,Camden County,MO,36
1525,29031,Cape Girardeau County,MO,55
1526,29033,Carroll County,MO,7
1527,29035,Carter County,MO,4
1528,29037,Cass County,MO,74
1529,29039,Cedar County,MO,9
1530,29041,Chariton County,MO,5
1531,29043,Christian County,MO,20
1532,29045,Clark County,MO,1
1533,29047,Clay County,MO,125
1534,29049,Clinton County,MO,16
1535,29051,Cole County,MO,55
1536,29053,Cooper County,MO,9
1537,29055,Crawford County,MO,8
1538,29057,Dade County,MO,0
1539,29059,Dallas County,MO,2
1540,29061,Daviess County,MO,3
1541,29063,DeKalb County,MO,5
1542,29065,Dent County,MO,1
1543,29067,Douglas County,MO,0
1544,29069,Dunklin County,MO,25
1545,29071,Franklin County,MO,136
1546,29073,Gasconade County,MO,2
1547,29075,Gentry County,MO,4
1548,29077,Greene County,MO,107
1549,29079,Grundy County,MO,0
1550,29081,Harrison County,MO,7
1551,29083,Henry County,MO,9
1552,29085,Hickory County,MO,0
1553,29087,Holt County,MO,1
1554,29089,Howard County,MO,3
1555,29091,Howell County,MO,5
1556,29093,Iron County,MO,2
1557,29095,Jackson County (including other portions of Kansas City),MO,1389
1558,29097,Jasper County,MO,29
1559,29099,Jefferson County,MO,313
1560,29101,Johnson County,MO,71
1561,29103,Knox County,MO,0
1562,29105,Laclede County,MO,3
1563,29107,Lafayette County,MO,69
1564,29109,Lawrence County,MO,7
1565,29111,Lewis County,MO,7
1566,29113,Lincoln County,MO,78
1567,29115,Linn County,MO,5
1568,29117,Livingston County,MO,3
1569,29119,McDonald County,MO,14
1570,29121,Macon County,MO,2
1571,29123,Madison County,MO,3
1572,29125,Maries County,MO,2
1573,29127,Marion County,MO,5
1574,29129,Mercer County,MO,0
1575,29131,Miller County,MO,4
1576,29133,Mississippi County,MO,49
1577,29135,Moniteau County,MO,44
1578,29137,Monroe County,MO,0
1579,29139,Montgomery County,MO,7
1580,29141,Morgan County,MO,7
1581,29143,New Madrid County,MO,14
1582,29145,Newton County,MO,16
1583,29147,Nodaway County,MO,8
1584,29149,Oregon County,MO,2
1585,29151,Osage County,MO,5
1586,29153,Ozark County,MO,0
1587,29155,Pemiscot County,MO,70
1588,29157,Perry County,MO,47
1589,29159,Pettis County,MO,69
1590,29161,Phelps County,MO,3
1591,29163,Pike County,MO,14
1592,29165,Platte County,MO,60
1593,29167,Polk County,MO,2
1594,29169,Pulaski County,MO,33
1595,29171,Putnam County,MO,0
1596,29173,Ralls County,MO,2
1597,29175,Randolph County,MO,8
1598,29177,Ray County,MO,14
1599,29179,Reynolds County,MO,2
1600,29181,Ripley County,MO,7
1601,29183,St. Charles County,MO,712
1602,29185,St. Clair County,MO,2
1603,29186,Ste. Genevieve County,MO,8
1604,29187,St. Francois County,MO,30
1605,29189,St. Louis County,MO,4266
1606,29195,Saline County,MO,256
1607,29197,Schuyler County,MO,1
1608,29199,Scotland County,MO,4
1609,29201,Scott County,MO,88
1610,29203,Shannon County,MO,0
1611,29205,Shelby County,MO,1
1612,29207,Stoddard County,MO,61
1613,29209,Stone County,MO,4
1614,29211,Sullivan County,MO,37
1615,29213,Taney County,MO,12
1616,29215,Texas County,MO,0
1617,29217,Vernon County,MO,6
1618,29219,Warren County,MO,25
1619,29221,Washington County,MO,9
1620,29223,Wayne County,MO,0
1621,29225,Webster County,MO,17
1622,29227,Worth County,MO,3
1623,29229,Wright County,MO,11
1624,29510,City of St. Louis,MO,1619
1626,30001,Beaverhead County,MT,1
1627,30003,Big Horn County,MT,8
1628,30005,Blaine County,MT,0
1629,30007,Broadwater County,MT,4
1630,30009,Carbon County,MT,6
1631,30011,Carter County,MT,0
1632,30013,Cascade County,MT,17
1633,30015,Chouteau County,MT,0
1634,30017,Custer County,MT,0
1635,30019,Daniels County,MT,0
1636,30021,Dawson County,MT,0
1637,30023,Deer Lodge County,MT,3
1638,30025,Fallon County,MT,0
1639,30027,Fergus County,MT,0
1640,30029,Flathead County,MT,37
1641,30031,Gallatin County,MT,149
1642,30033,Garfield County,MT,0
1643,30035,Glacier County,MT,6
1644,30037,Golden Valley County,MT,3
1645,30039,Granite County,MT,0
1646,30041,Hill County,MT,1
1647,30043,Jefferson County,MT,3
1648,30045,Judith Basin County,MT,0
1649,30047,Lake County,MT,5
1650,30049,Lewis and Clark County,MT,16
1651,30051,Liberty County,MT,1
1652,30053,Lincoln County,MT,7
1653,30055,McCone County,MT,0
1654,30057,Madison County,MT,8
1655,30059,Meagher County,MT,1
1656,30061,Mineral County,MT,0
1657,30063,Missoula County,MT,39
1658,30065,Musselshell County,MT,1
1659,30067,Park County,MT,8
1660,30069,Petroleum County,MT,0
1661,30071,Phillips County,MT,0
1662,30073,Pondera County,MT,2
1663,30075,Powder River County,MT,0
1664,30077,Powell County,MT,0
1665,30079,Prairie County,MT,0
1666,30081,Ravalli County,MT,13
1667,30083,Richland County,MT,3
1668,30085,Roosevelt County,MT,7
1669,30087,Rosebud County,MT,0
1670,30089,Sanders County,MT,0
1671,30091,Sheridan County,MT,0
1672,30093,Silver Bow County,MT,11
1673,30095,Stillwater County,MT,1
1674,30097,Sweet Grass County,MT,0
1675,30099,Teton County,MT,0
1676,30101,Toole County,MT,29
1677,30103,Treasure County,MT,0
1678,30105,Valley County,MT,0
1679,30107,Wheatland County,MT,1
1680,30109,Wibaux County,MT,0
1681,30111,Yellowstone County,MT,88
1683,31001,Adams County,NE,256
1684,31003,Antelope County,NE,7
1685,31005,Arthur County,NE,0
1686,31007,Banner County,NE,0
1687,31009,Blaine County,NE,0
1688,31011,Boone County,NE,3
1689,31013,Box Butte County,NE,1
1690,31015,Boyd County,NE,0
1691,31017,Brown County,NE,0
1692,31019,Buffalo County,NE,136
1693,31021,Burt County,NE,5
1694,31023,Butler County,NE,37
1695,31025,Cass County,NE,26
1696,31027,Cedar County,NE,6
1697,31029,Chase County,NE,0
1698,31031,Cherry County,NE,1
1699,31033,Cheyenne County,NE,9
1700,31035,Clay County,NE,19
1701,31037,Colfax County,NE,559
1702,31039,Cuming County,NE,18
1703,31041,Custer County,NE,28
1704,31043,Dakota County,NE,1475
1705,31045,Dawes County,NE,1
1706,31047,Dawson County,NE,812
1707,31049,Deuel County,NE,0
1708,31051,Dixon County,NE,24
1709,31053,Dodge County,NE,282
1710,31055,Douglas County,NE,2692
1711,31057,Dundy County,NE,0
1712,31059,Fillmore County,NE,5
1713,31061,Franklin County,NE,5
1714,31063,Frontier County,NE,1
1715,31065,Furnas County,NE,6
1716,31067,Gage County,NE,43
1717,31069,Garden County,NE,0
1718,31071,Garfield County,NE,0
1719,31073,Gosper County,NE,13
1720,31075,Grant County,NE,0
1721,31077,Greeley County,NE,2
1722,31079,Hall County,NE,1441
1723,31081,Hamilton County,NE,52
1724,31083,Harlan County,NE,0
1725,31085,Hayes County,NE,0
1726,31087,Hitchcock County,NE,1
1727,31089,Holt County,NE,1
1728,31091,Hooker County,NE,0
1729,31093,Howard County,NE,38
1730,31095,Jefferson County,NE,6
1731,31097,Johnson County,NE,6
1732,31099,Kearney County,NE,11
1733,31101,Keith County,NE,2
1734,31103,Keya Paha County,NE,0
1735,31105,Kimball County,NE,8
1736,31107,Knox County,NE,8
1737,31109,Lancaster County,NE,934
1738,31111,Lincoln County,NE,46
1739,31113,Logan County,NE,0
1740,31115,Loup County,NE,0
1741,31117,McPherson County,NE,0
1742,31119,Madison County,NE,289
1743,31121,Merrick County,NE,30
1744,31123,Morrill County,NE,10
1745,31125,Nance County,NE,4
1746,31127,Nemaha County,NE,3
1747,31129,Nuckolls County,NE,1
1748,31131,Otoe County,NE,6
1749,31133,Pawnee County,NE,0
1750,31135,Perkins County,NE,0
1751,31137,Phelps County,NE,16
1752,31139,Pierce County,NE,1
1753,31141,Platte County,NE,505
1754,31143,Polk County,NE,9
1755,31145,Red Willow County,NE,5
1756,31147,Richardson County,NE,1
1757,31149,Rock County,NE,0
1758,31151,Saline County,NE,448
1759,31153,Sarpy County,NE,382
1760,31155,Saunders County,NE,22
1761,31157,Scotts Bluff County,NE,55
1762,31159,Seward County,NE,26
1763,31161,Sheridan County,NE,0
1764,31163,Sherman County,NE,2
1765,31165,Sioux County,NE,0
1766,31167,Stanton County,NE,15
1767,31169,Thayer County,NE,0
1768,31171,Thomas County,NE,1
1769,31173,Thurston County,NE,20
1770,31175,Valley County,NE,3
1771,31177,Washington County,NE,26
1772,31179,Wayne County,NE,4
1773,31181,Webster County,NE,5
1774,31183,Wheeler County,NE,0
1775,31185,York County,NE,30
1777,32001,Churchill County,NV,7
1778,32003,Clark County,NV,5536
1779,32005,Douglas County,NV,25
1780,32007,Elko County,NV,21
1781,32009,Esmeralda County,NV,0
1782,32011,Eureka County,NV,0
1783,32013,Humboldt County,NV,74
1784,32015,Lander County,NV,19
1785,32017,Lincoln County,NV,2
1786,32019,Lyon County,NV,48
1787,32021,Mineral County,NV,4
1788,32023,Nye County,NV,58
1789,32027,Pershing County,NV,0
1790,32029,Storey County,NV,1
1791,32031,Washoe County,NV,1266
1792,32033,White Pine County,NV,3
1793,32510,Carson City,NV,71
1795,33001,Belknap County,NH,53
1796,33003,Carroll County,NH,44
1797,33005,Cheshire County,NH,49
1798,33007,Coos County,NH,4
1799,33009,Grafton County,NH,63
1800,33011,Hillsborough County,NH,1820
1801,33013,Merrimack County,NH,283
1802,33015,Rockingham County,NH,1138
1803,33017,Strafford County,NH,240
1804,33019,Sullivan County,NH,16
1806,34001,Atlantic County,NJ,1875
1807,34003,Bergen County,NJ,17518
1808,34005,Burlington County,NJ,4058
1809,34007,Camden County,NJ,5738
1810,34009,Cape May County,NJ,531
1811,34011,Cumberland County,NJ,1830
1812,34013,Essex County,NJ,16852
1813,34015,Gloucester County,NJ,1966
1814,34017,Hudson County,NJ,17748
1815,34019,Hunterdon County,NJ,920
1816,34021,Mercer County,NJ,6162
1817,34023,Middlesex County,NJ,14954
1818,34025,Monmouth County,NJ,7541
1819,34027,Morris County,NJ,6139
1820,34029,Ocean County,NJ,8165
1821,34031,Passaic County,NJ,15426
1822,34033,Salem County,NJ,481
1823,34035,Somerset County,NJ,4349
1824,34037,Sussex County,NJ,1069
1825,34039,Union County,NJ,15122
1826,34041,Warren County,NJ,1100
1828,35001,Bernalillo County,NM,1254
1829,35003,Catron County,NM,2
1830,35005,Chaves County,NM,32
1831,35006,Cibola County,NM,111
1832,35007,Colfax County,NM,5
1833,35009,Curry County,NM,44
1834,35011,De Baca County,NM,0
1835,35013,Dona Ana County,NM,322
1836,35015,Eddy County,NM,17
1837,35017,Grant County,NM,15
1838,35019,Guadalupe County,NM,19
1839,35021,Harding County,NM,1
1840,35023,Hidalgo County,NM,1
1841,35025,Lea County,NM,18
1842,35027,Lincoln County,NM,2
1843,35028,Los Alamos County,NM,6
1844,35029,Luna County,NM,7
1845,35031,McKinley County,NM,2009
1846,35033,Mora County,NM,0
1847,35035,Otero County,NM,8
1848,35037,Quay County,NM,4
1849,35039,Rio Arriba County,NM,33
1850,35041,Roosevelt County,NM,26
1851,35043,Sandoval County,NM,520
1852,35045,San Juan County,NM,1432
1853,35047,San Miguel County,NM,10
1854,35049,Santa Fe County,NM,127
1855,35051,Sierra County,NM,1
1856,35053,Socorro County,NM,49
1857,35055,Taos County,NM,22
1858,35057,Torrance County,NM,19
1859,35059,Union County,NM,3
1860,35061,Valencia County,NM,69
1862,1,New York City Unallocated/Probable,NY,0
1863,36001,Albany County,NY,1682
1864,36003,Allegany County,NY,44
1865,36005,Bronx County,NY,43418
1866,36007,Broome County,NY,436
1867,36009,Cattaraugus County,NY,70
1868,36011,Cayuga County,NY,68
1869,36013,Chautauqua County,NY,50
1870,36015,Chemung County,NY,134
1871,36017,Chenango County,NY,118
1872,36019,Clinton County,NY,94
1873,36021,Columbia County,NY,350
1874,36023,Cortland County,NY,36
1875,36025,Delaware County,NY,69
1876,36027,Dutchess County,NY,3724
1877,36029,Erie County,NY,5131
1878,36031,Essex County,NY,34
1879,36033,Franklin County,NY,18
1880,36035,Fulton County,NY,184
1881,36037,Genesee County,NY,184
1882,36039,Greene County,NY,215
1883,36041,Hamilton County,NY,5
1884,36043,Herkimer County,NY,93
1885,36045,Jefferson County,NY,71
1886,36047,Kings County,NY,52889
1887,36049,Lewis County,NY,18
1888,36051,Livingston County,NY,111
1889,36053,Madison County,NY,292
1890,36055,Monroe County,NY,2465
1891,36057,Montgomery County,NY,75
1892,36059,Nassau County,NY,39368
1893,36061,New York County,NY,25391
1894,36063,Niagara County,NY,858
1895,36065,Oneida County,NY,802
1896,36067,Onondaga County,NY,1718
1897,36069,Ontario County,NY,170
1898,36071,Orange County,NY,10043
1899,36073,Orleans County,NY,171
1900,36075,Oswego County,NY,90
1901,36077,Otsego County,NY,67
1902,36079,Putnam County,NY,1168
1903,36081,Queens County,NY,59752
1904,36083,Rensselaer County,NY,453
1905,36085,Richmond County,NY,13100
1906,36087,Rockland County,NY,12831
1907,36089,St. Lawrence County,NY,195
1908,36091,Saratoga County,NY,438
1909,36093,Schenectady County,NY,633
1910,36095,Schoharie County,NY,48
1911,36097,Schuyler County,NY,10
1912,36099,Seneca County,NY,52
1913,36101,Steuben County,NY,237
1914,36103,Suffolk County,NY,38411
1915,36105,Sullivan County,NY,1267
1916,36107,Tioga County,NY,114
1917,36109,Tompkins County,NY,145
1918,36111,Ulster County,NY,1571
1919,36113,Warren County,NY,235
1920,36115,Washington County,NY,221
1921,36117,Wayne County,NY,103
1922,36119,Westchester County,NY,32517
1923,36121,Wyoming County,NY,79
1924,36123,Yates County,NY,34
1926,37001,Alamance County,NC,229
1927,37003,Alexander County,NC,23
1928,37005,Alleghany County,NC,12
1929,37007,Anson County,NC,50
1930,37009,Ashe County,NC,28
1931,37011,Avery County,NC,1
1932,37013,Beaufort County,NC,30
1933,37015,Bertie County,NC,98
1934,37017,Bladen County,NC,81
1935,37019,Brunswick County,NC,62
1936,37021,Buncombe County,NC,183
1937,37023,Burke County,NC,210
1938,37025,Cabarrus County,NC,395
1939,37027,Caldwell County,NC,90
1940,37029,Camden County,NC,3
1941,37031,Carteret County,NC,35
1942,37033,Caswell County,NC,45
1943,37035,Catawba County,NC,118
1944,37037,Chatham County,NC,543
1945,37039,Cherokee County,NC,20
1946,37041,Chowan County,NC,14
1947,37043,Clay County,NC,5
1948,37045,Cleveland County,NC,60
1949,37047,Columbus County,NC,253
1950,37049,Craven County,NC,135
1951,37051,Cumberland County,NC,506
1952,37053,Currituck County,NC,11
1953,37055,Dare County,NC,18
1954,37057,Davidson County,NC,314
1955,37059,Davie County,NC,55
1956,37061,Duplin County,NC,470
1957,37063,Durham County,NC,1084
1958,37065,Edgecombe County,NC,174
1959,37067,Forsyth County,NC,749
1960,37069,Franklin County,NC,131
1961,37071,Gaston County,NC,210
1962,37073,Gates County,NC,14
1963,37075,Graham County,NC,2
1964,37077,Granville County,NC,208
1965,37079,Greene County,NC,50
1966,37081,Guilford County,NC,916
1967,37083,Halifax County,NC,125
1968,37085,Harnett County,NC,255
1969,37087,Haywood County,NC,26
1970,37089,Henderson County,NC,298
1971,37091,Hertford County,NC,60
1972,37093,Hoke County,NC,166
1973,37095,Hyde County,NC,1
1974,37097,Iredell County,NC,202
1975,37099,Jackson County,NC,24
1976,37101,Johnston County,NC,276
1977,37103,Jones County,NC,22
1978,37105,Lee County,NC,341
1979,37107,Lenoir County,NC,164
1980,37109,Lincoln County,NC,52
1981,37111,McDowell County,NC,33
1982,37113,Macon County,NC,5
1983,37115,Madison County,NC,2
1984,37117,Martin County,NC,39
1985,37119,Mecklenburg County,NC,2780
1986,37121,Mitchell County,NC,7
1987,37123,Montgomery County,NC,68
1988,37125,Moore County,NC,119
1989,37127,Nash County,NC,158
1990,37129,New Hanover County,NC,137
1991,37131,Northampton County,NC,131
1992,37133,Onslow County,NC,79
1993,37135,Orange County,NC,289
1994,37137,Pamlico County,NC,9
1995,37139,Pasquotank County,NC,90
1996,37141,Pender County,NC,50
1997,37143,Perquimans County,NC,22
1998,37145,Person County,NC,34
1999,37147,Pitt County,NC,228
2000,37149,Polk County,NC,35
2001,37151,Randolph County,NC,486
2002,37153,Richmond County,NC,121
2003,37155,Robeson County,NC,591
2004,37157,Rockingham County,NC,49
2005,37159,Rowan County,NC,562
2006,37161,Rutherford County,NC,154
2007,37163,Sampson County,NC,273
2008,37165,Scotland County,NC,56
2009,37167,Stanly County,NC,33
2010,37169,Stokes County,NC,39
2011,37171,Surry County,NC,102
2012,37173,Swain County,NC,6
2013,37175,Transylvania County,NC,8
2014,37177,Tyrrell County,NC,4
2015,37179,Union County,NC,364
2016,37181,Vance County,NC,202
2017,37183,Wake County,NC,1307
2018,37185,Warren County,NC,36
2019,37187,Washington County,NC,26
2020,37189,Watauga County,NC,12
2021,37191,Wayne County,NC,888
2022,37193,Wilkes County,NC,451
2023,37195,Wilson County,NC,256
2024,37197,Yadkin County,NC,123
2025,37199,Yancey County,NC,10
2027,38001,Adams County,ND,0
2028,38003,Barnes County,ND,4
2029,38005,Benson County,ND,1
2030,38007,Billings County,ND,0
2031,38009,Bottineau County,ND,1
2032,38011,Bowman County,ND,1
2033,38013,Burke County,ND,5
2034,38015,Burleigh County,ND,120
2035,38017,Cass County,ND,1277
2036,38019,Cavalier County,ND,0
2037,38021,Dickey County,ND,0
2038,38023,Divide County,ND,1
2039,38025,Dunn County,ND,11
2040,38027,Eddy County,ND,2
2041,38029,Emmons County,ND,1
2042,38031,Foster County,ND,1
2043,38033,Golden Valley County,ND,0
2044,38035,Grand Forks County,ND,319
2045,38037,Grant County,ND,2
2046,38039,Griggs County,ND,0
2047,38041,Hettinger County,ND,0
2048,38043,Kidder County,ND,0
2049,38045,LaMoure County,ND,0
2050,38047,Logan County,ND,0
2051,38049,McHenry County,ND,2
2052,38051,McIntosh County,ND,1
2053,38053,McKenzie County,ND,16
2054,38055,McLean County,ND,7
2055,38057,Mercer County,ND,4
2056,38059,Morton County,ND,59
2057,38061,Mountrail County,ND,39
2058,38063,Nelson County,ND,1
2059,38065,Oliver County,ND,1
2060,38067,Pembina County,ND,6
2061,38069,Pierce County,ND,3
2062,38071,Ramsey County,ND,8
2063,38073,Ransom County,ND,7
2064,38075,Renville County,ND,1
2065,38077,Richland County,ND,13
2066,38079,Rolette County,ND,4
2067,38081,Sargent County,ND,3
2068,38083,Sheridan County,ND,0
2069,38085,Sioux County,ND,1
2070,38087,Slope County,ND,3
2071,38089,Stark County,ND,61
2072,38091,Steele County,ND,1
2073,38093,Stutsman County,ND,17
2074,38095,Towner County,ND,0
2075,38097,Traill County,ND,10
2076,38099,Walsh County,ND,11
2077,38101,Ward County,ND,29
2078,38103,Wells County,ND,2
2079,38105,Williams County,ND,22
2081,39001,Adams County,OH,8
2082,39003,Allen County,OH,172
2083,39005,Ashland County,OH,17
2084,39007,Ashtabula County,OH,250
2085,39009,Athens County,OH,13
2086,39011,Auglaize County,OH,55
2087,39013,Belmont County,OH,352
2088,39015,Brown County,OH,23
2089,39017,Butler County,OH,671
2090,39019,Carroll County,OH,26
2091,39021,Champaign County,OH,25
2092,39023,Clark County,OH,166
2093,39025,Clermont County,OH,160
2094,39027,Clinton County,OH,43
2095,39029,Columbiana County,OH,457
2096,39031,Coshocton County,OH,22
2097,39033,Crawford County,OH,101
2098,39035,Cuyahoga County,OH,3512
2099,39037,Darke County,OH,134
2100,39039,Defiance County,OH,30
2101,39041,Delaware County,OH,277
2102,39043,Erie County,OH,124
2103,39045,Fairfield County,OH,217
2104,39047,Fayette County,OH,32
2105,39049,Franklin County,OH,4793
2106,39051,Fulton County,OH,35
2107,39053,Gallia County,OH,7
2108,39055,Geauga County,OH,231
2109,39057,Greene County,OH,85
2110,39059,Guernsey County,OH,28
2111,39061,Hamilton County,OH,2167
2112,39063,Hancock County,OH,46
2113,39065,Hardin County,OH,30
2114,39067,Harrison County,OH,10
2115,39069,Henry County,OH,12
2116,39071,Highland County,OH,16
2117,39073,Hocking County,OH,63
2118,39075,Holmes County,OH,15
2119,39077,Huron County,OH,44
2120,39079,Jackson County,OH,11
2121,39081,Jefferson County,OH,62
2122,39083,Knox County,OH,23
2123,39085,Lake County,OH,235
2124,39087,Lawrence County,OH,27
2125,39089,Licking County,OH,197
2126,39091,Logan County,OH,25
2127,39093,Lorain County,OH,620
2128,39095,Lucas County,OH,2021
2129,39097,Madison County,OH,102
2130,39099,Mahoning County,OH,1252
2131,39101,Marion County,OH,2540
2132,39103,Medina County,OH,237
2133,39105,Meigs County,OH,3
2134,39107,Mercer County,OH,162
2135,39109,Miami County,OH,337
2136,39111,Monroe County,OH,59
2137,39113,Montgomery County,OH,539
2138,39115,Morgan County,OH,5
2139,39117,Morrow County,OH,103
2140,39119,Muskingum County,OH,40
2141,39121,Noble County,OH,5
2142,39123,Ottawa County,OH,64
2143,39125,Paulding County,OH,12
2144,39127,Perry County,OH,15
2145,39129,Pickaway County,OH,2029
2146,39131,Pike County,OH,6
2147,39133,Portage County,OH,298
2148,39135,Preble County,OH,30
2149,39137,Putnam County,OH,84
2150,39139,Richland County,OH,166
2151,39141,Ross County,OH,60
2152,39143,Sandusky County,OH,63
2153,39145,Scioto County,OH,14
2154,39147,Seneca County,OH,16
2155,39149,Shelby County,OH,35
2156,39151,Stark County,OH,620
2157,39153,Summit County,OH,1077
2158,39155,Trumbull County,OH,478
2159,39157,Tuscarawas County,OH,281
2160,39159,Union County,OH,37
2161,39161,Van Wert County,OH,4
2162,39163,Vinton County,OH,16
2163,39165,Warren County,OH,292
2164,39167,Washington County,OH,116
2165,39169,Wayne County,OH,209
2166,39171,Williams County,OH,47
2167,39173,Wood County,OH,254
2168,39175,Wyandot County,OH,33
2170,40001,Adair County,OK,78
2171,40003,Alfalfa County,OK,1
2172,40005,Atoka County,OK,1
2173,40007,Beaver County,OK,23
2174,40009,Beckham County,OK,6
2175,40011,Blaine County,OK,3
2176,40013,Bryan County,OK,19
2177,40015,Caddo County,OK,126
2178,40017,Canadian County,OK,120
2179,40019,Carter County,OK,15
2180,40021,Cherokee County,OK,28
2181,40023,Choctaw County,OK,12
2182,40025,Cimarron County,OK,1
2183,40027,Cleveland County,OK,472
2184,40029,Coal County,OK,1
2185,40031,Comanche County,OK,229
2186,40033,Cotton County,OK,5
2187,40035,Craig County,OK,15
2188,40037,Creek County,OK,85
2189,40039,Custer County,OK,12
2190,40041,Delaware County,OK,96
2191,40043,Dewey County,OK,2
2192,40045,Ellis County,OK,0
2193,40047,Garfield County,OK,24
2194,40049,Garvin County,OK,15
2195,40051,Grady County,OK,68
2196,40053,Grant County,OK,2
2197,40055,Greer County,OK,66
2198,40057,Harmon County,OK,0
2199,40059,Harper County,OK,1
2200,40061,Haskell County,OK,6
2201,40063,Hughes County,OK,0
2202,40065,Jackson County,OK,21
2203,40067,Jefferson County,OK,3
2204,40069,Johnston County,OK,3
2205,40071,Kay County,OK,50
2206,40073,Kingfisher County,OK,10
2207,40075,Kiowa County,OK,6
2208,40077,Latimer County,OK,5
2209,40079,Le Flore County,OK,13
2210,40081,Lincoln County,OK,19
2211,40083,Logan County,OK,18
2212,40085,Love County,OK,4
2213,40087,McClain County,OK,95
2214,40089,McCurtain County,OK,13
2215,40091,McIntosh County,OK,10
2216,40093,Major County,OK,6
2217,40095,Marshall County,OK,6
2218,40097,Mayes County,OK,28
2219,40099,Murray County,OK,2
2220,40101,Muskogee County,OK,30
2221,40103,Noble County,OK,7
2222,40105,Nowata County,OK,23
2223,40107,Okfuskee County,OK,2
2224,40109,Oklahoma County,OK,1093
2225,40111,Okmulgee County,OK,18
2226,40113,Osage County,OK,92
2227,40115,Ottawa County,OK,35
2228,40117,Pawnee County,OK,29
2229,40119,Payne County,OK,45
2230,40121,Pittsburg County,OK,39
2231,40123,Pontotoc County,OK,11
2232,40125,Pottawatomie County,OK,56
2233,40127,Pushmataha County,OK,2
2234,40129,Roger Mills County,OK,0
2235,40131,Rogers County,OK,72
2236,40133,Seminole County,OK,21
2237,40135,Sequoyah County,OK,14
2238,40137,Stephens County,OK,25
2239,40139,Texas County,OK,791
2240,40141,Tillman County,OK,22
2241,40143,Tulsa County,OK,814
2242,40145,Wagoner County,OK,137
2243,40147,Washington County,OK,304
2244,40149,Washita County,OK,1
2245,40151,Woods County,OK,3
2246,40153,Woodward County,OK,1
2248,41001,Baker County,OR,1
2249,41003,Benton County,OR,55
2250,41005,Clackamas County,OR,284
2251,41007,Clatsop County,OR,42
2252,41009,Columbia County,OR,16
2253,41011,Coos County,OR,30
2254,41013,Crook County,OR,1
2255,41015,Curry County,OR,5
2256,41017,Deschutes County,OR,116
2257,41019,Douglas County,OR,25
2258,41021,Gilliam County,OR,0
2259,41023,Grant County,OR,1
2260,41025,Harney County,OR,1
2261,41027,Hood River County,OR,12
2262,41029,Jackson County,OR,52
2263,41031,Jefferson County,OR,24
2264,41033,Josephine County,OR,23
2265,41035,Klamath County,OR,41
2266,41037,Lake County,OR,0
2267,41039,Lane County,OR,66
2268,41041,Lincoln County,OR,8
2269,41043,Linn County,OR,110
2270,41045,Malheur County,OR,21
2271,41047,Marion County,OR,879
2272,41049,Morrow County,OR,11
2273,41051,Multnomah County,OR,1018
2274,41053,Polk County,OR,94
2275,41055,Sherman County,OR,1
2276,41057,Tillamook County,OR,6
2277,41059,Umatilla County,OR,105
2278,41061,Union County,OR,6
2279,41063,Wallowa County,OR,1
2280,41065,Wasco County,OR,18
2281,41067,Washington County,OR,658
2282,41069,Wheeler County,OR,0
2283,41071,Yamhill County,OR,63
2285,42001,Adams County,PA,197
2286,42003,Allegheny County,PA,1687
2287,42005,Armstrong County,PA,58
2288,42007,Beaver County,PA,539
2289,42009,Bedford County,PA,32
2290,42011,Berks County,PA,3763
2291,42013,Blair County,PA,39
2292,42015,Bradford County,PA,41
2293,42017,Bucks County,PA,4662
2294,42019,Butler County,PA,208
2295,42021,Cambria County,PA,54
2296,42023,Cameron County,PA,2
2297,42025,Carbon County,PA,219
2298,42027,Centre County,PA,133
2299,42029,Chester County,PA,2217
2300,42031,Clarion County,PA,25
2301,42033,Clearfield County,PA,33
2302,42035,Clinton County,PA,45
2303,42037,Columbia County,PA,340
2304,42039,Crawford County,PA,21
2305,42041,Cumberland County,PA,545
2306,42043,Dauphin County,PA,1012
2307,42045,Delaware County,PA,5844
2308,42047,Elk County,PA,6
2309,42049,Erie County,PA,163
2310,42051,Fayette County,PA,93
2311,42053,Forest County,PA,7
2312,42055,Franklin County,PA,662
2313,42057,Fulton County,PA,13
2314,42059,Greene County,PA,27
2315,42061,Huntingdon County,PA,215
2316,42063,Indiana County,PA,86
2317,42065,Jefferson County,PA,7
2318,42067,Juniata County,PA,94
2319,42069,Lackawanna County,PA,1400
2320,42071,Lancaster County,PA,2599
2321,42073,Lawrence County,PA,73
2322,42075,Lebanon County,PA,885
2323,42077,Lehigh County,PA,3550
2324,42079,Luzerne County,PA,2572
2325,42081,Lycoming County,PA,152
2326,42083,McKean County,PA,11
2327,42085,Mercer County,PA,96
2328,42087,Mifflin County,PA,57
2329,42089,Monroe County,PA,1278
2330,42091,Montgomery County,PA,6154
2331,42093,Montour County,PA,50
2332,42095,Northampton County,PA,2779
2333,42097,Northumberland County,PA,150
2334,42099,Perry County,PA,42
2335,42101,Philadelphia County,PA,16645
2336,42103,Pike County,PA,470
2337,42105,Potter County,PA,4
2338,42107,Schuylkill County,PA,541
2339,42109,Snyder County,PA,33
2340,42111,Somerset County,PA,37
2341,42113,Sullivan County,PA,2
2342,42115,Susquehanna County,PA,87
2343,42117,Tioga County,PA,16
2344,42119,Union County,PA,52
2345,42121,Venango County,PA,8
2346,42123,Warren County,PA,2
2347,42125,Washington County,PA,130
2348,42127,Wayne County,PA,110
2349,42129,Westmoreland County,PA,432
2350,42131,Wyoming County,PA,30
2351,42133,York County,PA,872
2353,44001,Bristol County,RI,198
2354,44003,Kent County,RI,958
2355,44005,Newport County,RI,206
2356,44007,Providence County,RI,9976
2357,44009,Washington County,RI,462
2359,45001,Abbeville County,SC,35
2360,45003,Aiken County,SC,160
2361,45005,Allendale County,SC,33
2362,45007,Anderson County,SC,213
2363,45009,Bamberg County,SC,18
2364,45011,Barnwell County,SC,41
2365,45013,Beaufort County,SC,304
2366,45015,Berkeley County,SC,205
2367,45017,Calhoun County,SC,9
2368,45019,Charleston County,SC,515
2369,45021,Cherokee County,SC,25
2370,45023,Chester County,SC,41
2371,45025,Chesterfield County,SC,105
2372,45027,Clarendon County,SC,288
2373,45029,Colleton County,SC,60
2374,45031,Darlington County,SC,232
2375,45033,Dillon County,SC,135
2376,45035,Dorchester County,SC,118
2377,45037,Edgefield County,SC,45
2378,45039,Fairfield County,SC,139
2379,45041,Florence County,SC,550
2380,45043,Georgetown County,SC,53
2381,45045,Greenville County,SC,1155
2382,45047,Greenwood County,SC,72
2383,45049,Hampton County,SC,30
2384,45051,Horry County,SC,314
2385,45053,Jasper County,SC,28
2386,45055,Kershaw County,SC,275
2387,45057,Lancaster County,SC,108
2388,45059,Laurens County,SC,57
2389,45061,Lee County,SC,175
2390,45063,Lexington County,SC,519
2391,45065,McCormick County,SC,7
2392,45067,Marion County,SC,56
2393,45069,Marlboro County,SC,80
2394,45071,Newberry County,SC,33
2395,45073,Oconee County,SC,41
2396,45075,Orangeburg County,SC,117
2397,45077,Pickens County,SC,97
2398,45079,Richland County,SC,1287
2399,45081,Saluda County,SC,127
2400,45083,Spartanburg County,SC,415
2401,45085,Sumter County,SC,324
2402,45087,Union County,SC,31
2403,45089,Williamsburg County,SC,183
2404,45091,York County,SC,317
2406,46003,Aurora County,SD,8
2407,46005,Beadle County,SD,68
2408,46007,Bennett County,SD,0
2409,46009,Bon Homme County,SD,4
2410,46011,Brookings County,SD,14
2411,46013,Brown County,SD,211
2412,46015,Brule County,SD,0
2413,46017,Buffalo County,SD,5
2414,46019,Butte County,SD,0
2415,46021,Campbell County,SD,0
2416,46023,Charles Mix County,SD,10
2417,46025,Clark County,SD,4
2418,46027,Clay County,SD,15
2419,46029,Codington County,SD,17
2420,46031,Corson County,SD,4
2421,46033,Custer County,SD,0
2422,46035,Davison County,SD,9
2423,46037,Day County,SD,11
2424,46039,Deuel County,SD,1
2425,46041,Dewey County,SD,0
2426,46043,Douglas County,SD,1
2427,46045,Edmunds County,SD,0
2428,46047,Fall River County,SD,4
2429,46049,Faulk County,SD,1
2430,46051,Grant County,SD,9
2431,46053,Gregory County,SD,0
2432,46055,Haakon County,SD,0
2433,46057,Hamlin County,SD,3
2434,46059,Hand County,SD,1
2435,46061,Hanson County,SD,0
2436,46063,Harding County,SD,0
2437,46065,Hughes County,SD,17
2438,46067,Hutchinson County,SD,3
2439,46069,Hyde County,SD,1
2440,46071,Jackson County,SD,0
2441,46073,Jerauld County,SD,10
2442,46075,Jones County,SD,0
2443,46077,Kingsbury County,SD,0
2444,46079,Lake County,SD,5
2445,46081,Lawrence County,SD,9
2446,46083,Lincoln County,SD,209
2447,46085,Lyman County,SD,9
2448,46087,McCook County,SD,4
2449,46089,McPherson County,SD,1
2450,46091,Marshall County,SD,2
2451,46093,Meade County,SD,5
2452,46095,Mellette County,SD,0
2453,46097,Miner County,SD,1
2454,46099,Minnehaha County,SD,3182
2455,46101,Moody County,SD,18
2456,46102,Oglala Lakota County,SD,14
2457,46103,Pennington County,SD,85
2458,46105,Perkins County,SD,0
2459,46107,Potter County,SD,0
2460,46109,Roberts County,SD,20
2461,46111,Sanborn County,SD,7
2462,46115,Spink County,SD,4
2463,46117,Stanley County,SD,9
2464,46119,Sully County,SD,0
2465,46121,Todd County,SD,17
2466,46123,Tripp County,SD,2
2467,46125,Turner County,SD,22
2468,46127,Union County,SD,68
2469,46129,Walworth County,SD,5
2470,46135,Yankton County,SD,44
2471,46137,Ziebach County,SD,1
2473,47001,Anderson County,TN,37
2474,47003,Bedford County,TN,259
2475,47005,Benton County,TN,7
2476,47007,Bledsoe County,TN,606
2477,47009,Blount County,TN,76
2478,47011,Bradley County,TN,84
2479,47013,Campbell County,TN,17
2480,47015,Cannon County,TN,13
2481,47017,Carroll County,TN,26
2482,47019,Carter County,TN,19
2483,47021,Cheatham County,TN,94
2484,47023,Chester County,TN,12
2485,47025,Claiborne County,TN,8
2486,47027,Clay County,TN,6
2487,47029,Cocke County,TN,20
2488,47031,Coffee County,TN,62
2489,47033,Crockett County,TN,14
2490,47035,Cumberland County,TN,94
2491,47037,Davidson County,TN,4222
2492,47039,Decatur County,TN,5
2493,47041,DeKalb County,TN,32
2494,47043,Dickson County,TN,94
2495,47045,Dyer County,TN,45
2496,47047,Fayette County,TN,95
2497,47049,Fentress County,TN,9
2498,47051,Franklin County,TN,43
2499,47053,Gibson County,TN,59
2500,47055,Giles County,TN,12
2501,47057,Grainger County,TN,6
2502,47059,Greene County,TN,46
2503,47061,Grundy County,TN,31
2504,47063,Hamblen County,TN,24
2505,47065,Hamilton County,TN,402
2506,47067,Hancock County,TN,1
2507,47069,Hardeman County,TN,183
2508,47071,Hardin County,TN,10
2509,47073,Hawkins County,TN,31
2510,47075,Haywood County,TN,29
2511,47077,Henderson County,TN,12
2512,47079,Henry County,TN,20
2513,47081,Hickman County,TN,52
2514,47083,Houston County,TN,7
2515,47085,Humphreys County,TN,12
2516,47087,Jackson County,TN,13
2517,47089,Jefferson County,TN,26
2518,47091,Johnson County,TN,15
2519,47093,Knox County,TN,319
2520,47095,Lake County,TN,403
2521,47097,Lauderdale County,TN,50
2522,47099,Lawrence County,TN,22
2523,47101,Lewis County,TN,2
2524,47103,Lincoln County,TN,19
2525,47105,Loudon County,TN,102
2526,47107,McMinn County,TN,125
2527,47109,McNairy County,TN,12
2528,47111,Macon County,TN,93
2529,47113,Madison County,TN,162
2530,47115,Marion County,TN,35
2531,47117,Marshall County,TN,27
2532,47119,Maury County,TN,73
2533,47121,Meigs County,TN,22
2534,47123,Monroe County,TN,53
2535,47125,Montgomery County,TN,216
2536,47127,Moore County,TN,3
2537,47129,Morgan County,TN,17
2538,47131,Obion County,TN,20
2539,47133,Overton County,TN,18
2540,47135,Perry County,TN,13
2541,47137,Pickett County,TN,2
2542,47139,Polk County,TN,14
2543,47141,Putnam County,TN,310
2544,47143,Rhea County,TN,13
2545,47145,Roane County,TN,9
2546,47147,Robertson County,TN,301
2547,47149,Rutherford County,TN,913
2548,47151,Scott County,TN,11
2549,47153,Sequatchie County,TN,9
2550,47155,Sevier County,TN,68
2551,47157,Shelby County,TN,3973
2552,47159,Smith County,TN,29
2553,47161,Stewart County,TN,8
2554,47163,Sullivan County,TN,58
2555,47165,Sumner County,TN,769
2556,47167,Tipton County,TN,409
2557,47169,Trousdale County,TN,1384
2558,47171,Unicoi County,TN,3
2559,47173,Union County,TN,4
2560,47175,Van Buren County,TN,4
2561,47177,Warren County,TN,16
2562,47179,Washington County,TN,71
2563,47181,Wayne County,TN,63
2564,47183,Weakley County,TN,26
2565,47185,White County,TN,22
2566,47187,Williamson County,TN,488
2567,47189,Wilson County,TN,343
2569,48001,Anderson County,TX,61
2570,48003,Andrews County,TX,22
2571,48005,Angelina County,TX,154
2572,48007,Aransas County,TX,4
2573,48009,Archer County,TX,1
2574,48011,Armstrong County,TX,2
2575,48013,Atascosa County,TX,32
2576,48015,Austin County,TX,20
2577,48017,Bailey County,TX,10
2578,48019,Bandera County,TX,6
2579,48021,Bastrop County,TX,152
2580,48023,Baylor County,TX,0
2581,48025,Bee County,TX,7
2582,48027,Bell County,TX,267
2583,48029,Bexar County,TX,2278
2584,48031,Blanco County,TX,7
2585,48033,Borden County,TX,0
2586,48035,Bosque County,TX,6
2587,48037,Bowie County,TX,147
2588,48039,Brazoria County,TX,795
2589,48041,Brazos County,TX,341
2590,48043,Brewster County,TX,1
2591,48045,Briscoe County,TX,1
2592,48047,Brooks County,TX,1
2593,48049,Brown County,TX,55
2594,48051,Burleson County,TX,20
2595,48053,Burnet County,TX,28
2596,48055,Caldwell County,TX,39
2597,48057,Calhoun County,TX,37
2598,48059,Callahan County,TX,8
2599,48061,Cameron County,TX,649
2600,48063,Camp County,TX,29
2601,48065,Carson County,TX,5
2602,48067,Cass County,TX,21
2603,48069,Castro County,TX,28
2604,48071,Chambers County,TX,58
2605,48073,Cherokee County,TX,38
2606,48075,Childress County,TX,2
2607,48077,Clay County,TX,3
2608,48079,Cochran County,TX,1
2609,48081,Coke County,TX,1
2610,48083,Coleman County,TX,2
2611,48085,Collin County,TX,1073
2612,48087,Collingsworth County,TX,4
2613,48089,Colorado County,TX,19
2614,48091,Comal County,TX,72
2615,48093,Comanche County,TX,5
2616,48095,Concho County,TX,1
2617,48097,Cooke County,TX,13
2618,48099,Coryell County,TX,225
2619,48101,Cottle County,TX,4
2620,48103,Crane County,TX,2
2621,48105,Crockett County,TX,0
2622,48107,Crosby County,TX,3
2623,48109,Culberson County,TX,0
2624,48111,Dallam County,TX,18
2625,48113,Dallas County,TX,7904
2626,48115,Dawson County,TX,39
2627,48117,Deaf Smith County,TX,139
2628,48119,Delta County,TX,1
2629,48121,Denton County,TX,1116
2630,48123,DeWitt County,TX,17
2631,48125,Dickens County,TX,1
2632,48127,Dimmit County,TX,1
2633,48129,Donley County,TX,26
2634,48131,Duval County,TX,5
2635,48133,Eastland County,TX,5
2636,48135,Ector County,TX,124
2637,48137,Edwards County,TX,0
2638,48139,Ellis County,TX,264
2639,48141,El Paso County,TX,1930
2640,48143,Erath County,TX,15
2641,48145,Falls County,TX,6
2642,48147,Fannin County,TX,28
2643,48149,Fayette County,TX,31
2644,48151,Fisher County,TX,2
2645,48153,Floyd County,TX,5
2646,48155,Foard County,TX,0
2647,48157,Fort Bend County,TX,1581
2648,48159,Franklin County,TX,8
2649,48161,Freestone County,TX,7
2650,48163,Frio County,TX,35
2651,48165,Gaines County,TX,6
2652,48167,Galveston County,TX,715
2653,48169,Garza County,TX,4
2654,48171,Gillespie County,TX,5
2655,48173,Glasscock County,TX,1
2656,48175,Goliad County,TX,7
2657,48177,Gonzales County,TX,88
2658,48179,Gray County,TX,95
2659,48181,Grayson County,TX,199
2660,48183,Gregg County,TX,173
2661,48185,Grimes County,TX,89
2662,48187,Guadalupe County,TX,114
2663,48189,Hale County,TX,49
2664,48191,Hall County,TX,1
2665,48193,Hamilton County,TX,7
2666,48195,Hansford County,TX,17
2667,48197,Hardeman County,TX,0
2668,48199,Hardin County,TX,121
2669,48201,Harris County,TX,9859
2670,48203,Harrison County,TX,206
2671,48205,Hartley County,TX,11
2672,48207,Haskell County,TX,2
2673,48209,Hays County,TX,238
2674,48211,Hemphill County,TX,1
2675,48213,Henderson County,TX,49
2676,48215,Hidalgo County,TX,457
2677,48217,Hill County,TX,23
2678,48219,Hockley County,TX,27
2679,48221,Hood County,TX,23
2680,48223,Hopkins County,TX,11
2681,48225,Houston County,TX,40
2682,48227,Howard County,TX,6
2683,48229,Hudspeth County,TX,0
2684,48231,Hunt County,TX,69
2685,48233,Hutchinson County,TX,28
2686,48235,Irion County,TX,0
2687,48237,Jack County,TX,4
2688,48239,Jackson County,TX,15
2689,48241,Jasper County,TX,26
2690,48243,Jeff Davis County,TX,0
2691,48245,Jefferson County,TX,458
2692,48247,Jim Hogg County,TX,4
2693,48249,Jim Wells County,TX,8
2694,48251,Johnson County,TX,142
2695,48253,Jones County,TX,101
2696,48255,Karnes County,TX,4
2697,48257,Kaufman County,TX,165
2698,48259,Kendall County,TX,24
2699,48261,Kenedy County,TX,0
2700,48263,Kent County,TX,0
2701,48265,Kerr County,TX,11
2702,48267,Kimble County,TX,1
2703,48269,King County,TX,0
2704,48271,Kinney County,TX,0
2705,48273,Kleberg County,TX,14
2706,48275,Knox County,TX,1
2707,48277,Lamar County,TX,122
2708,48279,Lamb County,TX,11
2709,48281,Lampasas County,TX,8
2710,48283,La Salle County,TX,4
2711,48285,Lavaca County,TX,8
2712,48287,Lee County,TX,6
2713,48289,Leon County,TX,9
2714,48291,Liberty County,TX,79
2715,48293,Limestone County,TX,17
2716,48295,Lipscomb County,TX,2
2717,48297,Live Oak County,TX,7
2718,48299,Llano County,TX,3
2719,48301,Loving County,TX,0
2720,48303,Lubbock County,TX,630
2721,48305,Lynn County,TX,5
2722,48307,McCulloch County,TX,3
2723,48309,McLennan County,TX,98
2724,48311,McMullen County,TX,0
2725,48313,Madison County,TX,8
2726,48315,Marion County,TX,15
2727,48317,Martin County,TX,3
2728,48319,Mason County,TX,31
2729,48321,Matagorda County,TX,63
2730,48323,Maverick County,TX,93
2731,48325,Medina County,TX,60
2732,48327,Menard County,TX,0
2733,48329,Midland County,TX,122
2734,48331,Milam County,TX,26
2735,48333,Mills County,TX,1
2736,48335,Mitchell County,TX,1
2737,48337,Montague County,TX,9
2738,48339,Montgomery County,TX,848
2739,48341,Moore County,TX,508
2740,48343,Morris County,TX,14
2741,48345,Motley County,TX,1
2742,48347,Nacogdoches County,TX,243
2743,48349,Navarro County,TX,40
2744,48351,Newton County,TX,4
2745,48353,Nolan County,TX,2
2746,48355,Nueces County,TX,248
2747,48357,Ochiltree County,TX,41
2748,48359,Oldham County,TX,3
2749,48361,Orange County,TX,89
2750,48363,Palo Pinto County,TX,10
2751,48365,Panola County,TX,164
2752,48367,Parker County,TX,64
2753,48369,Parmer County,TX,39
2754,48371,Pecos County,TX,24
2755,48373,Polk County,TX,50
2756,48375,Potter County,TX,2193
2757,48377,Presidio County,TX,0
2758,48379,Rains County,TX,2
2759,48381,Randall County,TX,616
2760,48383,Reagan County,TX,0
2761,48385,Real County,TX,0
2762,48387,Red River County,TX,40
2763,48389,Reeves County,TX,3
2764,48391,Refugio County,TX,3
2765,48393,Roberts County,TX,2
2766,48395,Robertson County,TX,7
2767,48397,Rockwall County,TX,143
2768,48399,Runnels County,TX,2
2769,48401,Rusk County,TX,42
2770,48403,Sabine County,TX,4
2771,48405,San Augustine County,TX,26
2772,48407,San Jacinto County,TX,12
2773,48409,San Patricio County,TX,26
2774,48411,San Saba County,TX,1
2775,48413,Schleicher County,TX,0
2776,48415,Scurry County,TX,2
2777,48417,Shackelford County,TX,1
2778,48419,Shelby County,TX,177
2779,48421,Sherman County,TX,21
2780,48423,Smith County,TX,192
2781,48425,Somervell County,TX,0
2782,48427,Starr County,TX,22
2783,48429,Stephens County,TX,2
2784,48431,Sterling County,TX,0
2785,48433,Stonewall County,TX,0
2786,48435,Sutton County,TX,0
2787,48437,Swisher County,TX,15
2788,48439,Tarrant County,TX,4643
2789,48441,Taylor County,TX,224
2790,48443,Terrell County,TX,0
2791,48445,Terry County,TX,13
2792,48447,Throckmorton County,TX,0
2793,48449,Titus County,TX,142
2794,48451,Tom Green County,TX,62
2795,48453,Travis County,TX,2595
2796,48455,Trinity County,TX,11
2797,48457,Tyler County,TX,10
2798,48459,Upshur County,TX,18
2799,48461,Upton County,TX,0
2800,48463,Uvalde County,TX,6
2801,48465,Val Verde County,TX,13
2802,48467,Van Zandt County,TX,24
2803,48469,Victoria County,TX,157
2804,48471,Walker County,TX,430
2805,48473,Waller County,TX,45
2806,48475,Ward County,TX,0
2807,48477,Washington County,TX,186
2808,48479,Webb County,TX,492
2809,48481,Wharton County,TX,44
2810,48483,Wheeler County,TX,15
2811,48485,Wichita County,TX,82
2812,48487,Wilbarger County,TX,6
2813,48489,Willacy County,TX,14
2814,48491,Williamson County,TX,501
2815,48493,Wilson County,TX,37
2816,48495,Winkler County,TX,3
2817,48497,Wise County,TX,38
2818,48499,Wood County,TX,22
2819,48501,Yoakum County,TX,3
2820,48503,Young County,TX,4
2821,48505,Zapata County,TX,8
2822,48507,Zavala County,TX,10
2824,49001,Beaver County,UT,0
2825,49003,Box Elder County,UT,25
2826,49005,Cache County,UT,72
2827,49007,Carbon County,UT,8
2828,49009,Daggett County,UT,0
2829,49011,Davis County,UT,386
2830,49013,Duchesne County,UT,8
2831,49015,Emery County,UT,7
2832,49017,Garfield County,UT,3
2833,49019,Grand County,UT,4
2834,49021,Iron County,UT,36
2835,49023,Juab County,UT,9
2836,49025,Kane County,UT,3
2837,49027,Millard County,UT,6
2838,49029,Morgan County,UT,10
2839,49031,Piute County,UT,1
2840,49033,Rich County,UT,0
2841,49035,Salt Lake County,UT,4123
2842,49037,San Juan County,UT,246
2843,49039,Sanpete County,UT,7
2844,49041,Sevier County,UT,8
2845,49043,Summit County,UT,403
2846,49045,Tooele County,UT,104
2847,49047,Uintah County,UT,9
2848,49049,Utah County,UT,1569
2849,49051,Wasatch County,UT,217
2850,49053,Washington County,UT,218
2851,49055,Wayne County,UT,0
2852,49057,Weber County,UT,235
2854,50001,Addison County,VT,62
2855,50003,Bennington County,VT,60
2856,50005,Caledonia County,VT,14
2857,50007,Chittenden County,VT,439
2858,50009,Essex County,VT,2
2859,50011,Franklin County,VT,99
2860,50013,Grand Isle County,VT,4
2861,50015,Lamoille County,VT,27
2862,50017,Orange County,VT,8
2863,50019,Orleans County,VT,9
2864,50021,Rutland County,VT,50
2865,50023,Washington County,VT,38
2866,50025,Windham County,VT,77
2867,50027,Windsor County,VT,48
2869,51001,Accomack County,VA,709
2870,51003,Albemarle County,VA,142
2871,51005,Alleghany County,VA,9
2872,51007,Amelia County,VA,21
2873,51009,Amherst County,VA,25
2874,51011,Appomattox County,VA,24
2875,51013,Arlington County,VA,1728
2876,51015,Augusta County,VA,85
2877,51017,Bath County,VA,0
2878,51019,Bedford County,VA,41
2879,51021,Bland County,VA,0
2880,51023,Botetourt County,VA,31
2881,51025,Brunswick County,VA,21
2882,51027,Buchanan County,VA,18
2883,51029,Buckingham County,VA,419
2884,51031,Campbell County,VA,13
2885,51033,Caroline County,VA,45
2886,51035,Carroll County,VA,64
2887,51036,Charles City County,VA,24
2888,51037,Charlotte County,VA,15
2889,51041,Chesterfield County,VA,1100
2890,51043,Clarke County,VA,19
2891,51045,Craig County,VA,4
2892,51047,Culpeper County,VA,494
2893,51049,Cumberland County,VA,25
2894,51051,Dickenson County,VA,0
2895,51053,Dinwiddie County,VA,47
2896,51057,Essex County,VA,35
2897,51059,Fairfax County,VA,8163
2898,51061,Fauquier County,VA,251
2899,51063,Floyd County,VA,4
2900,51065,Fluvanna County,VA,82
2901,51067,Franklin County,VA,30
2902,51069,Frederick County,VA,234
2903,51071,Giles County,VA,5
2904,51073,Gloucester County,VA,29
2905,51075,Goochland County,VA,88
2906,51077,Grayson County,VA,22
2907,51079,Greene County,VA,20
2908,51081,Greensville County,VA,55
2909,51083,Halifax County,VA,29
2910,51085,Hanover County,VA,238
2911,51087,Henrico County,VA,1321
2912,51089,Henry County,VA,50
2913,51091,Highland County,VA,2
2914,51093,Isle of Wight County,VA,120
2915,51095,James City County,VA,189
2916,51097,King and Queen County,VA,7
2917,51099,King George County,VA,48
2918,51101,King William County,VA,15
2919,51103,Lancaster County,VA,7
2920,51105,Lee County,VA,9
2921,51107,Loudoun County,VA,1579
2922,51109,Louisa County,VA,61
2923,51111,Lunenburg County,VA,7
2924,51113,Madison County,VA,27
2925,51115,Matthews County,VA,5
2926,51117,Mecklenburg County,VA,178
2927,51119,Middlesex County,VA,12
2928,51121,Montgomery County,VA,66
2929,51125,Nelson County,VA,13
2930,51127,New Kent County,VA,26
2931,51131,Northampton County,VA,205
2932,51133,Northumberland County,VA,21
2933,51135,Nottoway County,VA,18
2934,51137,Orange County,VA,69
2935,51139,Page County,VA,166
2936,51141,Patrick County,VA,10
2937,51143,Pittsylvania County,VA,26
2938,51145,Powhatan County,VA,25
2939,51147,Prince Edward County,VA,86
2940,51149,Prince George County,VA,56
2941,51153,Prince William County,VA,4054
2942,51155,Pulaski County,VA,10
2943,51157,Rappahannock County,VA,12
2944,51159,Richmond County,VA,263
2945,51161,Roanoke County,VA,88
2946,51163,Rockbridge County,VA,12
2947,51165,Rockingham County,VA,414
2948,51167,Russell County,VA,8
2949,51169,Scott County,VA,7
2950,51171,Shenandoah County,VA,345
2951,51173,Smyth County,VA,15
2952,51175,Southampton County,VA,137
2953,51177,Spotsylvania County,VA,351
2954,51179,Stafford County,VA,514
2955,51181,Surry County,VA,6
2956,51183,Sussex County,VA,99
2957,51185,Tazewell County,VA,6
2958,51187,Warren County,VA,105
2959,51191,Washington County,VA,50
2960,51193,Westmoreland County,VA,42
2961,51195,Wise County,VA,23
2962,51197,Wythe County,VA,16
2963,51199,York County,VA,63
2964,51510,Alexandria City,VA,1577
2965,51520,Bristol city,VA,3
2966,51530,Buena Vista city,VA,11
2967,51540,Charlottesville City,VA,72
2968,51550,Chesapeake City,VA,401
2969,51570,Colonial Heights city,VA,80
2970,51580,Covington city,VA,3
2971,51590,Danville City,VA,45
2972,51595,Emporia city,VA,58
2973,51600,Fairfax city,VA,47
2974,51610,Falls Church city,VA,44
2975,51620,Franklin city,VA,32
2976,51630,Fredericksburg City,VA,101
2977,51640,Galax city,VA,82
2978,51650,Hampton city,VA,165
2979,51660,Harrisonburg City,VA,675
2980,51670,Hopewell city,VA,61
2981,51678,Lexington city,VA,6
2982,51680,Lynchburg city,VA,75
2983,51683,Manassas City,VA,699
2984,51685,Manassas Park city,VA,207
2985,51690,Martinsville city,VA,20
2986,51700,Newport News City,VA,211
2987,51710,Norfolk City,VA,370
2988,51720,Norton city,VA,2
2989,51730,Petersburg city,VA,80
2990,51735,Poquoson city,VA,7
2991,51740,Portsmouth City,VA,241
2992,51750,Radford city,VA,4
2993,51760,Richmond City,VA,835
2994,51770,Roanoke city,VA,135
2995,51775,Salem city,VA,32
2996,51790,Staunton city,VA,33
2997,51800,Suffolk City,VA,274
2998,51810,Virginia Beach City,VA,564
2999,51820,Waynesboro city,VA,29
3000,51830,Williamsburg City,VA,43
3001,51840,Winchester city,VA,104
3003,53001,Adams County,WA,50
3004,53003,Asotin County,WA,18
3005,53005,Benton County,WA,660
3006,53007,Chelan County,WA,186
3007,53009,Clallam County,WA,25
3008,53011,Clark County,WA,392
3009,53013,Columbia County,WA,1
3010,53015,Cowlitz County,WA,70
3011,53017,Douglas County,WA,132
3012,53019,Ferry County,WA,1
3013,53021,Franklin County,WA,466
3014,53023,Garfield County,WA,0
3015,53025,Grant County,WA,188
3016,53027,Grays Harbor County,WA,15
3017,53029,Island County,WA,176
3018,53031,Jefferson County,WA,30
3019,53033,King County,WA,7602
3020,53035,Kitsap County,WA,160
3021,53037,Kittitas County,WA,66
3022,53039,Klickitat County,WA,24
3023,53041,Lewis County,WA,35
3024,53043,Lincoln County,WA,2
3025,53045,Mason County,WA,33
3026,53047,Okanogan County,WA,40
3027,53049,Pacific County,WA,9
3028,53051,Pend Oreille County,WA,2
3029,53053,Pierce County,WA,1716
3030,53055,San Juan County,WA,14
3031,53057,Skagit County,WA,426
3032,53059,Skamania County,WA,3
3033,53061,Snohomish County,WA,2826
3034,53063,Spokane County,WA,415
3035,53065,Stevens County,WA,10
3036,53067,Thurston County,WA,124
3037,53069,Wahkiakum County,WA,4
3038,53071,Walla Walla County,WA,106
3039,53073,Whatcom County,WA,360
3040,53075,Whitman County,WA,16
3041,53077,Yakima County,WA,2518
3043,54001,Barbour County,WV,7
3044,54003,Berkeley County,WV,233
3045,54005,Boone County,WV,9
3046,54007,Braxton County,WV,2
3047,54009,Brooke County,WV,3
3048,54011,Cabell County,WV,55
3049,54013,Calhoun County,WV,2
3050,54015,Clay County,WV,2
3051,54017,Doddridge County,WV,0
3052,54019,Fayette County,WV,39
3053,54021,Gilmer County,WV,8
3054,54023,Grant County,WV,6
3055,54025,Greenbrier County,WV,9
3056,54027,Hampshire County,WV,12
3057,54029,Hancock County,WV,12
3058,54031,Hardy County,WV,33
3059,54033,Harrison County,WV,37
3060,54035,Jackson County,WV,135
3061,54037,Jefferson County,WV,111
3062,54039,Kanawha County,WV,203
3063,54041,Lewis County,WV,5
3064,54043,Lincoln County,WV,5
3065,54045,Logan County,WV,15
3066,54047,McDowell County,WV,6
3067,54049,Marion County,WV,48
3068,54051,Marshall County,WV,25
3069,54053,Mason County,WV,15
3070,54055,Mercer County,WV,13
3071,54057,Mineral County,WV,30
3072,54059,Mingo County,WV,3
3073,54061,Monongalia County,WV,118
3074,54063,Monroe County,WV,6
3075,54065,Morgan County,WV,17
3076,54067,Nicholas County,WV,7
3077,54069,Ohio County,WV,37
3078,54071,Pendleton County,WV,5
3079,54073,Pleasants County,WV,2
3080,54075,Pocahontas County,WV,9
3081,54077,Preston County,WV,15
3082,54079,Putnam County,WV,30
3083,54081,Raleigh County,WV,14
3084,54083,Randolph County,WV,8
3085,54085,Ritchie County,WV,1
3086,54087,Roane County,WV,8
3087,54089,Summers County,WV,1
3088,54091,Taylor County,WV,8
3089,54093,Tucker County,WV,4
3090,54095,Tyler County,WV,3
3091,54097,Upshur County,WV,6
3092,54099,Wayne County,WV,96
3093,54101,Webster County,WV,0
3094,54103,Wetzel County,WV,7
3095,54105,Wirt County,WV,4
3096,54107,Wood County,WV,47
3097,54109,Wyoming County,WV,2
3099,55001,Adams County,WI,4
3100,55003,Ashland County,WI,2
3101,55005,Barron County,WI,11
3102,55007,Bayfield County,WI,3
3103,55009,Brown County,WI,2135
3104,55011,Buffalo County,WI,5
3105,55013,Burnett County,WI,1
3106,55015,Calumet County,WI,60
3107,55017,Chippewa County,WI,43
3108,55019,Clark County,WI,28
3109,55021,Columbia County,WI,36
3110,55023,Crawford County,WI,23
3111,55025,Dane County,WI,563
3112,55027,Dodge County,WI,112
3113,55029,Door County,WI,34
3114,55031,Douglas County,WI,15
3115,55033,Dunn County,WI,20
3116,55035,Eau Claire County,WI,78
3117,55037,Florence County,WI,2
3118,55039,Fond du Lac County,WI,148
3119,55041,Forest County,WI,11
3120,55043,Grant County,WI,78
3121,55045,Green County,WI,49
3122,55047,Green Lake County,WI,11
3123,55049,Iowa County,WI,11
3124,55051,Iron County,WI,2
3125,55053,Jackson County,WI,14
3126,55055,Jefferson County,WI,62
3127,55057,Juneau County,WI,22
3128,55059,Kenosha County,WI,889
3129,55061,Kewaunee County,WI,31
3130,55063,La Crosse County,WI,47
3131,55065,Lafayette County,WI,16
3132,55067,Langlade County,WI,0
3133,55069,Lincoln County,WI,3
3134,55071,Manitowoc County,WI,26
3135,55073,Marathon County,WI,35
3136,55075,Marinette County,WI,28
3137,55077,Marquette County,WI,3
3138,55078,Menominee County,WI,2
3139,55079,Milwaukee County,WI,5373
3140,55081,Monroe County,WI,15
3141,55083,Oconto County,WI,31
3142,55085,Oneida County,WI,7
3143,55087,Outagamie County,WI,153
3144,55089,Ozaukee County,WI,130
3145,55091,Pepin County,WI,1
3146,55093,Pierce County,WI,26
3147,55095,Polk County,WI,7
3148,55097,Portage County,WI,7
3149,55099,Price County,WI,1
3150,55101,Racine County,WI,1115
3151,55103,Richland County,WI,14
3152,55105,Rock County,WI,452
3153,55107,Rusk County,WI,4
3154,55109,St. Croix County,WI,52
3155,55111,Sauk County,WI,77
3156,55113,Sawyer County,WI,4
3157,55115,Shawano County,WI,34
3158,55117,Sheboygan County,WI,73
3159,55119,Taylor County,WI,0
3160,55121,Trempealeau County,WI,11
3161,55123,Vernon County,WI,12
3162,55125,Vilas County,WI,4
3163,55127,Walworth County,WI,296
3164,55129,Washburn County,WI,1
3165,55131,Washington County,WI,163
3166,55133,Waukesha County,WI,514
3167,55135,Waupaca County,WI,19
3168,55137,Waushara County,WI,7
3169,55139,Winnebago County,WI,134
3170,55141,Wood County,WI,8
3172,56001,Albany County,WY,10
3173,56003,Big Horn County,WY,3
3174,56005,Campbell County,WY,30
3175,56007,Carbon County,WY,16
3176,56009,Converse County,WY,24
3177,56011,Crook County,WY,5
3178,56013,Fremont County,WY,233
3179,56015,Goshen County,WY,5
3180,56017,Hot Springs County,WY,8
3181,56019,Johnson County,WY,16
3182,56021,Laramie County,WY,182
3183,56023,Lincoln County,WY,14
3184,56025,Natrona County,WY,66
3185,56027,Niobrara County,WY,2
3186,56029,Park County,WY,2
3187,56031,Platte County,WY,0
3188,56033,Sheridan County,WY,16
3189,56035,Sublette County,WY,3
3190,56037,Sweetwater County,WY,25
3191,56039,Teton County,WY,100
3192,56041,Uinta County,WY,11
3193,56043,Washakie County,WY,16
3194,56045,Weston County,WY,0
