,countyFIPS,County Name,State,Cases
1,1001,Autauga County,AL,238
2,1003,Baldwin County,AL,292
3,1005,Barbour County,AL,175
4,1007,Bibb County,AL,76
5,1009,Blount County,AL,63
6,1011,Bullock County,AL,212
7,1013,Butler County,AL,416
8,1015,Calhoun County,AL,165
9,1017,Chambers County,AL,358
10,1019,Cherokee County,AL,38
11,1021,Chilton County,AL,104
12,1023,Choctaw County,AL,153
13,1025,Clarke County,AL,147
14,1027,Clay County,AL,28
15,1029,Cleburne County,AL,15
16,1031,Coffee County,AL,238
17,1033,Colbert County,AL,187
18,1035,Conecuh County,AL,41
19,1037,Coosa County,AL,40
20,1039,Covington County,AL,81
21,1041,Crenshaw County,AL,78
22,1043,Cullman County,AL,150
23,1045,Dale County,AL,123
24,1047,Dallas County,AL,282
25,1049,DeKalb County,AL,254
26,1051,Elmore County,AL,372
27,1053,Escambia County,AL,73
28,1055,Etowah County,AL,261
29,1057,Fayette County,AL,16
30,1059,Franklin County,AL,573
31,1061,Geneva County,AL,43
32,1063,Greene County,AL,95
33,1065,Hale County,AL,178
34,1067,Henry County,AL,81
35,1069,Houston County,AL,223
36,1071,Jackson County,AL,83
37,1073,Jefferson County,AL,1876
38,1075,Lamar County,AL,26
39,1077,Lauderdale County,AL,167
40,1079,Lawrence County,AL,51
41,1081,Lee County,AL,552
42,1083,Limestone County,AL,108
43,1085,Lowndes County,AL,254
44,1087,Macon County,AL,85
45,1089,Madison County,AL,343
46,1091,Marengo County,AL,172
47,1093,Marion County,AL,123
48,1095,Marshall County,AL,705
49,1097,Mobile County,AL,2279
50,1099,Monroe County,AL,44
51,1101,Montgomery County,AL,1790
52,1103,Morgan County,AL,296
53,1105,Perry County,AL,42
54,1107,Pickens County,AL,120
55,1109,Pike County,AL,208
56,1111,Randolph County,AL,128
57,1113,Russell County,AL,176
58,1115,St. Clair County,AL,131
59,1117,Shelby County,AL,522
60,1119,Sumter County,AL,226
61,1121,Talladega County,AL,117
62,1123,Tallapoosa County,AL,431
63,1125,Tuscaloosa County,AL,814
64,1127,Walker County,AL,374
65,1129,Washington County,AL,72
66,1131,Wilcox County,AL,152
67,1133,Winston County,AL,91
69,2013,Aleutians East Borough,AK,0
70,2016,Aleutians West Census Area,AK,0
71,2020,Municipality of Anchorage,AK,247
72,2050,Bethel Census Area,AK,3
73,2060,Bristol Bay Borough,AK,0
74,2068,Denali Borough,AK,0
75,2070,Dillingham Census Area,AK,0
76,2090,Fairbanks North Star Borough,AK,85
77,2100,Haines Borough,AK,0
78,2105,Hoonah-Angoon Census Area,AK,0
79,2110,City and Borough of Juneau,AK,33
80,2122,Kenai Peninsula Borough,AK,54
81,2130,Ketchikan Gateway Borough,AK,16
82,2150,Kodiak Island Borough,AK,1
83,2158,Kusilvak Census Area,AK,0
84,2164,Lake and Peninsula Borough,AK,0
85,2170,Matanuska-Susitna Borough,AK,29
86,2180,Nome Census Area,AK,3
87,2185,North Slope Borough,AK,1
88,2188,Northwest Arctic Borough,AK,2
89,2195,Petersburg Census Area,AK,4
90,2198,Prince of Wales-Hyder Census Area,AK,2
91,2220,Sitka City and Borough,AK,2
92,2230,Skagway Municipality,AK,0
93,2240,Southeast Fairbanks Census Area,AK,3
94,2261,Valdez-Cordova Census Area,AK,0
95,2270,Wade Hampton Census Area,AK,0
96,2275,Wrangell City and Borough,AK,0
97,2282,Yakutat City and Borough,AK,0
98,2290,Yukon-Koyukuk Census Area,AK,1
100,4001,Apache County,AZ,1569
101,4003,Cochise County,AZ,89
102,4005,Coconino County,AZ,1173
103,4007,Gila County,AZ,35
104,4009,Graham County,AZ,37
105,4011,Greenlee County,AZ,8
106,4012,La Paz County,AZ,91
107,4013,Maricopa County,AZ,10536
108,4015,Mohave County,AZ,409
109,4017,Navajo County,AZ,1957
110,4019,Pima County,AZ,2496
111,4021,Pinal County,AZ,909
112,4023,Santa Cruz County,AZ,365
113,4025,Yavapai County,AZ,300
114,4027,Yuma County,AZ,1275
116,5001,Arkansas County,AR,7
117,5003,Ashley County,AR,20
118,5005,Baxter County,AR,12
119,5007,Benton County,AR,676
120,5009,Boone County,AR,6
121,5011,Bradley County,AR,22
122,5013,Calhoun County,AR,0
123,5015,Carroll County,AR,29
124,5017,Chicot County,AR,16
125,5019,Clark County,AR,39
126,5021,Clay County,AR,5
127,5023,Cleburne County,AR,74
128,5025,Cleveland County,AR,19
129,5027,Columbia County,AR,22
130,5029,Conway County,AR,14
131,5031,Craighead County,AR,249
132,5033,Crawford County,AR,31
133,5035,Crittenden County,AR,395
134,5037,Cross County,AR,56
135,5039,Dallas County,AR,3
136,5041,Desha County,AR,19
137,5043,Drew County,AR,20
138,5045,Faulkner County,AR,103
139,5047,Franklin County,AR,4
140,5049,Fulton County,AR,7
141,5051,Garland County,AR,136
142,5053,Grant County,AR,18
143,5055,Greene County,AR,65
144,5057,Hempstead County,AR,20
145,5059,Hot Spring County,AR,32
146,5061,Howard County,AR,25
147,5063,Independence County,AR,33
148,5065,Izard County,AR,17
149,5067,Jackson County,AR,4
150,5069,Jefferson County,AR,529
151,5071,Johnson County,AR,48
152,5073,Lafayette County,AR,9
153,5075,Lawrence County,AR,85
154,5077,Lee County,AR,23
155,5079,Lincoln County,AR,983
156,5081,Little River County,AR,8
157,5083,Logan County,AR,8
158,5085,Lonoke County,AR,54
159,5087,Madison County,AR,29
160,5089,Marion County,AR,2
161,5091,Miller County,AR,47
162,5093,Mississippi County,AR,78
163,5095,Monroe County,AR,5
164,5097,Montgomery County,AR,2
165,5099,Nevada County,AR,7
166,5101,Newton County,AR,3
167,5103,Ouachita County,AR,10
168,5105,Perry County,AR,14
169,5107,Phillips County,AR,24
170,5109,Pike County,AR,5
171,5111,Poinsett County,AR,37
172,5113,Polk County,AR,26
173,5115,Pope County,AR,166
174,5117,Prairie County,AR,3
175,5119,Pulaski County,AR,969
176,5121,Randolph County,AR,26
177,5123,St. Francis County,AR,682
178,5125,Saline County,AR,116
179,5127,Scott County,AR,1
180,5129,Searcy County,AR,7
181,5131,Sebastian County,AR,47
182,5133,Sevier County,AR,258
183,5135,Sharp County,AR,46
184,5137,Stone County,AR,9
185,5139,Union County,AR,173
186,5141,Van Buren County,AR,29
187,5143,Washington County,AR,620
188,5145,White County,AR,46
189,5147,Woodruff County,AR,1
190,5149,Yell County,AR,179
192,6000,Grand Princess Cruise Ship,CA,21
193,6001,Alameda County,CA,3515
194,6003,Alpine County,CA,2
195,6005,Amador County,CA,10
196,6007,Butte County,CA,51
197,6009,Calaveras County,CA,15
198,6011,Colusa County,CA,7
199,6013,Contra Costa County,CA,1506
200,6015,Del Norte County,CA,47
201,6017,El Dorado County,CA,96
202,6019,Fresno County,CA,1914
203,6021,Glenn County,CA,17
204,6023,Humboldt County,CA,103
205,6025,Imperial County,CA,1798
206,6027,Inyo County,CA,20
207,6029,Kern County,CA,2376
208,6031,Kings County,CA,1168
209,6033,Lake County,CA,30
210,6035,Lassen County,CA,5
211,6037,Los Angeles County,CA,57118
212,6039,Madera County,CA,117
213,6041,Marin County,CA,506
214,6043,Mariposa County,CA,16
215,6045,Mendocino County,CA,30
216,6047,Merced County,CA,308
217,6049,Modoc County,CA,0
218,6051,Mono County,CA,37
219,6053,Monterey County,CA,695
220,6055,Napa County,CA,113
221,6057,Nevada County,CA,48
222,6059,Orange County,CA,6574
223,6061,Placer County,CA,228
224,6063,Plumas County,CA,4
225,6065,Riverside County,CA,8155
226,6067,Sacramento County,CA,1439
227,6069,San Benito County,CA,90
228,6071,San Bernardino County,CA,5501
229,6073,San Diego County,CA,7674
230,6075,San Francisco County,CA,2587
231,6077,San Joaquin County,CA,982
232,6079,San Luis Obispo County,CA,278
233,6081,San Mateo County,CA,2188
234,6083,Santa Barbara County,CA,1697
235,6085,Santa Clara County,CA,2819
236,6087,Santa Cruz County,CA,217
237,6089,Shasta County,CA,40
238,6091,Sierra County,CA,1
239,6093,Siskiyou County,CA,9
240,6095,Solano County,CA,547
241,6097,Sonoma County,CA,566
242,6099,Stanislaus County,CA,767
243,6101,Sutter County,CA,46
244,6103,Tehama County,CA,6
245,6105,Trinity County,CA,1
246,6107,Tulare County,CA,2004
247,6109,Tuolumne County,CA,4
248,6111,Ventura County,CA,1164
249,6113,Yolo County,CA,213
250,6115,Yuba County,CA,31
252,8001,Adams County,CO,3338
253,8003,Alamosa County,CO,82
254,8005,Arapahoe County,CO,4453
255,8007,Archuleta County,CO,8
256,8009,Baca County,CO,12
257,8011,Bent County,CO,2
258,8013,Boulder County,CO,986
259,8014,Broomfield County and City,CO,244
260,8015,Chaffee County,CO,76
261,8017,Cheyenne County,CO,5
262,8019,Clear Creek County,CO,17
263,8021,Conejos County,CO,2
264,8023,Costilla County,CO,6
265,8025,Crowley County,CO,64
266,8027,Custer County,CO,2
267,8029,Delta County,CO,71
268,8031,Denver County,CO,5854
269,8033,Dolores County,CO,0
270,8035,Douglas County,CO,726
271,8037,Eagle County,CO,590
272,8039,Elbert County,CO,53
273,8041,El Paso County,CO,1761
274,8043,Fremont County,CO,26
275,8045,Garfield County,CO,148
276,8047,Gilpin County,CO,3
277,8049,Grand County,CO,15
278,8051,Gunnison County,CO,178
279,8053,Hinsdale County,CO,3
280,8055,Huerfano County,CO,3
281,8057,Jackson County,CO,0
282,8059,Jefferson County,CO,2266
283,8061,Kiowa County,CO,0
284,8063,Kit Carson County,CO,26
285,8065,Lake County,CO,31
286,8067,La Plata County,CO,82
287,8069,Larimer County,CO,589
288,8071,Las Animas County,CO,5
289,8073,Lincoln County,CO,3
290,8075,Logan County,CO,620
291,8077,Mesa County,CO,55
292,8079,Mineral County,CO,2
293,8081,Moffat County,CO,8
294,8083,Montezuma County,CO,46
295,8085,Montrose County,CO,181
296,8087,Morgan County,CO,631
297,8089,Otero County,CO,19
298,8091,Ouray County,CO,8
299,8093,Park County,CO,23
300,8095,Phillips County,CO,14
301,8097,Pitkin County,CO,58
302,8099,Prowers County,CO,15
303,8101,Pueblo County,CO,297
304,8103,Rio Blanco County,CO,1
305,8105,Rio Grande County,CO,36
306,8107,Routt County,CO,62
307,8109,Saguache County,CO,89
308,8111,San Juan County,CO,1
309,8113,San Miguel County,CO,23
310,8115,Sedgwick County,CO,0
311,8117,Summit County,CO,233
312,8119,Teller County,CO,33
313,8121,Washington County,CO,41
314,8123,Weld County,CO,2505
315,8125,Yuma County,CO,40
317,9001,Fairfield County,CT,15776
318,9003,Hartford County,CT,10536
319,9005,Litchfield County,CT,1402
320,9007,Middlesex County,CT,1154
321,9009,New Haven County,CT,11525
322,9011,New London County,CT,1094
323,9013,Tolland County,CT,848
324,9015,Windham County,CT,392
326,10001,Kent County,DE,1450
327,10003,New Castle County,DE,3883
328,10005,Sussex County,DE,4299
329,11001,Washington,DC,8886
331,12001,Alachua County,FL,382
332,12003,Baker County,FL,29
333,12005,Bay County,FL,99
334,12007,Bradford County,FL,51
335,12009,Brevard County,FL,427
336,12011,Broward County,FL,7248
337,12013,Calhoun County,FL,62
338,12015,Charlotte County,FL,463
339,12017,Citrus County,FL,122
340,12019,Clay County,FL,387
341,12021,Collier County,FL,1605
342,12023,Columbia County,FL,147
343,12027,DeSoto County,FL,197
344,12029,Dixie County,FL,54
345,12031,Duval County,FL,1660
346,12033,Escambia County,FL,844
347,12035,Flagler County,FL,190
348,12037,Franklin County,FL,2
349,12039,Gadsden County,FL,278
350,12041,Gilchrist County,FL,15
351,12043,Glades County,FL,61
352,12045,Gulf County,FL,2
353,12047,Hamilton County,FL,239
354,12049,Hardee County,FL,105
355,12051,Hendry County,FL,446
356,12053,Hernando County,FL,118
357,12055,Highlands County,FL,132
358,12057,Hillsborough County,FL,2285
359,12059,Holmes County,FL,23
360,12061,Indian River County,FL,138
361,12063,Jackson County,FL,266
362,12065,Jefferson County,FL,29
363,12067,Lafayette County,FL,8
364,12069,Lake County,FL,306
365,12071,Lee County,FL,1967
366,12073,Leon County,FL,411
367,12075,Levy County,FL,35
368,12077,Liberty County,FL,213
369,12079,Madison County,FL,69
370,12081,Manatee County,FL,1074
371,12083,Marion County,FL,255
372,12085,Martin County,FL,680
373,12086,Miami-Dade County,FL,18224
374,12087,Monroe County,FL,109
375,12089,Nassau County,FL,80
376,12091,Okaloosa County,FL,235
377,12093,Okeechobee County,FL,85
378,12095,Orange County,FL,2048
379,12097,Osceola County,FL,709
380,12099,Palm Beach County,FL,6219
381,12101,Pasco County,FL,394
382,12103,Pinellas County,FL,1335
383,12105,Polk County,FL,1053
384,12107,Putnam County,FL,154
385,12109,St. Johns County,FL,262
386,12111,St. Lucie County,FL,492
387,12113,Santa Rosa County,FL,248
388,12115,Sarasota County,FL,647
389,12117,Seminole County,FL,493
390,12119,Sumter County,FL,255
391,12121,Suwannee County,FL,168
392,12123,Taylor County,FL,22
393,12125,Union County,FL,33
394,12127,Volusia County,FL,752
395,12129,Wakulla County,FL,35
396,12131,Walton County,FL,118
397,12133,Washington County,FL,66
399,13001,Appling County,GA,169
400,13003,Atkinson County,GA,53
401,13005,Bacon County,GA,135
402,13007,Baker County,GA,34
403,13009,Baldwin County,GA,350
404,13011,Banks County,GA,85
405,13013,Barrow County,GA,333
406,13015,Bartow County,GA,492
407,13017,Ben Hill County,GA,80
408,13019,Berrien County,GA,49
409,13021,Bibb County,GA,478
410,13023,Bleckley County,GA,48
411,13025,Brantley County,GA,59
412,13027,Brooks County,GA,72
413,13029,Bryan County,GA,75
414,13031,Bulloch County,GA,75
415,13033,Burke County,GA,122
416,13035,Butts County,GA,233
417,13037,Calhoun County,GA,134
418,13039,Camden County,GA,66
419,13043,Candler County,GA,13
420,13045,Carroll County,GA,533
421,13047,Catoosa County,GA,145
422,13049,Charlton County,GA,32
423,13051,Chatham County,GA,517
424,13053,Chattahoochee County,GA,159
425,13055,Chattooga County,GA,25
426,13057,Cherokee County,GA,918
427,13059,Clarke County,GA,296
428,13061,Clay County,GA,39
429,13063,Clayton County,GA,1241
430,13065,Clinch County,GA,59
431,13067,Cobb County,GA,3063
432,13069,Coffee County,GA,285
433,13071,Colquitt County,GA,485
434,13073,Columbia County,GA,255
435,13075,Cook County,GA,45
436,13077,Coweta County,GA,426
437,13079,Crawford County,GA,28
438,13081,Crisp County,GA,236
439,13083,Dade County,GA,37
440,13085,Dawson County,GA,109
441,13087,Decatur County,GA,203
442,13089,DeKalb County,GA,3828
443,13091,Dodge County,GA,52
444,13093,Dooly County,GA,184
445,13095,Dougherty County,GA,1784
446,13097,Douglas County,GA,549
447,13099,Early County,GA,245
448,13101,Echols County,GA,124
449,13103,Effingham County,GA,75
450,13105,Elbert County,GA,75
451,13107,Emanuel County,GA,28
452,13109,Evans County,GA,5
453,13111,Fannin County,GA,48
454,13113,Fayette County,GA,238
455,13115,Floyd County,GA,279
456,13117,Forsyth County,GA,532
457,13119,Franklin County,GA,104
458,13121,Fulton County,GA,4659
459,13123,Gilmer County,GA,156
460,13125,Glascock County,GA,1
461,13127,Glynn County,GA,133
462,13129,Gordon County,GA,170
463,13131,Grady County,GA,115
464,13133,Greene County,GA,70
465,13135,Gwinnett County,GA,3919
466,13137,Habersham County,GA,530
467,13139,Hall County,GA,2517
468,13141,Hancock County,GA,196
469,13143,Haralson County,GA,49
470,13145,Harris County,GA,104
471,13147,Hart County,GA,33
472,13149,Heard County,GA,35
473,13151,Henry County,GA,696
474,13153,Houston County,GA,377
475,13155,Irwin County,GA,31
476,13157,Jackson County,GA,199
477,13159,Jasper County,GA,39
478,13161,Jeff Davis County,GA,38
479,13163,Jefferson County,GA,46
480,13165,Jenkins County,GA,21
481,13167,Johnson County,GA,77
482,13169,Jones County,GA,40
483,13171,Lamar County,GA,73
484,13173,Lanier County,GA,24
485,13175,Laurens County,GA,108
486,13177,Lee County,GA,361
487,13179,Liberty County,GA,83
488,13181,Lincoln County,GA,16
489,13183,Long County,GA,16
490,13185,Lowndes County,GA,321
491,13187,Lumpkin County,GA,100
492,13189,McDuffie County,GA,69
493,13191,McIntosh County,GA,15
494,13193,Macon County,GA,103
495,13195,Madison County,GA,59
496,13197,Marion County,GA,59
497,13199,Meriwether County,GA,94
498,13201,Miller County,GA,42
499,13205,Mitchell County,GA,413
500,13207,Monroe County,GA,121
501,13209,Montgomery County,GA,11
502,13211,Morgan County,GA,38
503,13213,Murray County,GA,96
504,13215,Muscogee County,GA,650
505,13217,Newton County,GA,370
506,13219,Oconee County,GA,117
507,13221,Oglethorpe County,GA,63
508,13223,Paulding County,GA,336
509,13225,Peach County,GA,74
510,13227,Pickens County,GA,49
511,13229,Pierce County,GA,105
512,13231,Pike County,GA,55
513,13233,Polk County,GA,128
514,13235,Pulaski County,GA,42
515,13237,Putnam County,GA,93
516,13239,Quitman County,GA,13
517,13241,Rabun County,GA,23
518,13243,Randolph County,GA,179
519,13245,Richmond County,GA,604
520,13247,Rockdale County,GA,290
521,13249,Schley County,GA,16
522,13251,Screven County,GA,55
523,13253,Seminole County,GA,45
524,13255,Spalding County,GA,277
525,13257,Stephens County,GA,143
526,13259,Stewart County,GA,53
527,13261,Sumter County,GA,490
528,13263,Talbot County,GA,39
529,13265,Taliaferro County,GA,1
530,13267,Tattnall County,GA,27
531,13269,Taylor County,GA,22
532,13271,Telfair County,GA,37
533,13273,Terrell County,GA,214
534,13275,Thomas County,GA,342
535,13277,Tift County,GA,271
536,13279,Toombs County,GA,57
537,13281,Towns County,GA,26
538,13283,Treutlen County,GA,12
539,13285,Troup County,GA,337
540,13287,Turner County,GA,133
541,13289,Twiggs County,GA,18
542,13291,Union County,GA,48
543,13293,Upson County,GA,288
544,13295,Walker County,GA,167
545,13297,Walton County,GA,272
546,13299,Ware County,GA,233
547,13301,Warren County,GA,18
548,13303,Washington County,GA,74
549,13305,Wayne County,GA,22
550,13307,Webster County,GA,13
551,13309,Wheeler County,GA,13
552,13311,White County,GA,105
553,13313,Whitfield County,GA,394
554,13315,Wilcox County,GA,116
555,13317,Wilkes County,GA,33
556,13319,Wilkinson County,GA,69
557,13321,Worth County,GA,223
559,15001,Hawaii County,HI,81
560,15003,Honolulu County,HI,422
561,15005,Kalawao County,HI,0
562,15007,Kauai County,HI,20
563,15009,Maui County,HI,119
565,16001,Ada County,ID,818
566,16003,Adams County,ID,3
567,16005,Bannock County,ID,34
568,16007,Bear Lake County,ID,0
569,16009,Benewah County,ID,12
570,16011,Bingham County,ID,8
571,16013,Blaine County,ID,512
572,16015,Boise County,ID,0
573,16017,Bonner County,ID,6
574,16019,Bonneville County,ID,51
575,16021,Boundary County,ID,0
576,16023,Butte County,ID,0
577,16025,Camas County,ID,1
578,16027,Canyon County,ID,310
579,16029,Caribou County,ID,1
580,16031,Cassia County,ID,85
581,16033,Clark County,ID,0
582,16035,Clearwater County,ID,0
583,16037,Custer County,ID,2
584,16039,Elmore County,ID,31
585,16041,Franklin County,ID,8
586,16043,Fremont County,ID,3
587,16045,Gem County,ID,17
588,16047,Gooding County,ID,49
589,16049,Idaho County,ID,3
590,16051,Jefferson County,ID,7
591,16053,Jerome County,ID,175
592,16055,Kootenai County,ID,73
593,16057,Latah County,ID,7
594,16059,Lemhi County,ID,1
595,16061,Lewis County,ID,0
596,16063,Lincoln County,ID,33
597,16065,Madison County,ID,21
598,16067,Minidoka County,ID,58
599,16069,Nez Perce County,ID,82
600,16071,Oneida County,ID,0
601,16073,Owyhee County,ID,8
602,16075,Payette County,ID,23
603,16077,Power County,ID,6
604,16079,Shoshone County,ID,0
605,16081,Teton County,ID,11
606,16083,Twin Falls County,ID,428
607,16085,Valley County,ID,2
608,16087,Washington County,ID,43
610,17001,Adams County,IL,44
611,17003,Alexander County,IL,8
612,17005,Bond County,IL,12
613,17007,Boone County,IL,476
614,17009,Brown County,IL,10
615,17011,Bureau County,IL,15
616,17013,Calhoun County,IL,1
617,17015,Carroll County,IL,15
618,17017,Cass County,IL,73
619,17019,Champaign County,IL,652
620,17021,Christian County,IL,35
621,17023,Clark County,IL,11
622,17025,Clay County,IL,2
623,17027,Clinton County,IL,188
624,17029,Coles County,IL,127
625,17031,Cook County,IL,79673
626,17033,Crawford County,IL,11
627,17035,Cumberland County,IL,10
628,17037,DeKalb County,IL,422
629,17039,De Witt County,IL,4
630,17041,Douglas County,IL,28
631,17043,DuPage County,IL,7818
632,17045,Edgar County,IL,1
633,17047,Edwards County,IL,2
634,17049,Effingham County,IL,7
635,17051,Fayette County,IL,21
636,17053,Ford County,IL,20
637,17055,Franklin County,IL,12
638,17057,Fulton County,IL,11
639,17059,Gallatin County,IL,2
640,17061,Greene County,IL,5
641,17063,Grundy County,IL,101
642,17065,Hamilton County,IL,2
643,17067,Hancock County,IL,17
644,17069,Hardin County,IL,1
645,17071,Henderson County,IL,8
646,17073,Henry County,IL,69
647,17075,Iroquois County,IL,132
648,17077,Jackson County,IL,289
649,17079,Jasper County,IL,46
650,17081,Jefferson County,IL,101
651,17083,Jersey County,IL,24
652,17085,Jo Daviess County,IL,32
653,17087,Johnson County,IL,9
654,17089,Kane County,IL,6467
655,17091,Kankakee County,IL,930
656,17093,Kendall County,IL,819
657,17095,Knox County,IL,101
658,17097,Lake County,IL,8450
659,17099,LaSalle County,IL,154
660,17101,Lawrence County,IL,4
661,17103,Lee County,IL,82
662,17105,Livingston County,IL,34
663,17107,Logan County,IL,10
664,17109,McDonough County,IL,91
665,17111,McHenry County,IL,1606
666,17113,McLean County,IL,221
667,17115,Macon County,IL,194
668,17117,Macoupin County,IL,45
669,17119,Madison County,IL,595
670,17121,Marion County,IL,50
671,17123,Marshall County,IL,5
672,17125,Mason County,IL,18
673,17127,Massac County,IL,7
674,17129,Menard County,IL,20
675,17131,Mercer County,IL,17
676,17133,Monroe County,IL,96
677,17135,Montgomery County,IL,40
678,17137,Morgan County,IL,38
679,17139,Moultrie County,IL,11
680,17141,Ogle County,IL,214
681,17143,Peoria County,IL,262
682,17145,Perry County,IL,41
683,17147,Piatt County,IL,11
684,17149,Pike County,IL,1
685,17151,Pope County,IL,1
686,17153,Pulaski County,IL,55
687,17155,Putnam County,IL,1
688,17157,Randolph County,IL,270
689,17159,Richland County,IL,3
690,17161,Rock Island County,IL,683
691,17163,St. Clair County,IL,1172
692,17165,Saline County,IL,7
693,17167,Sangamon County,IL,350
694,17169,Schuyler County,IL,13
695,17171,Scott County,IL,0
696,17173,Shelby County,IL,16
697,17175,Stark County,IL,3
698,17177,Stephenson County,IL,209
699,17179,Tazewell County,IL,74
700,17181,Union County,IL,157
701,17183,Vermilion County,IL,40
702,17185,Wabash County,IL,5
703,17187,Warren County,IL,117
704,17189,Washington County,IL,18
705,17191,Wayne County,IL,9
706,17193,White County,IL,2
707,17195,Whiteside County,IL,142
708,17197,Will County,IL,5649
709,17199,Williamson County,IL,68
710,17201,Winnebago County,IL,2313
711,17203,Woodford County,IL,21
713,18001,Adams County,IN,20
714,18003,Allen County,IN,1711
715,18005,Bartholomew County,IN,521
716,18007,Benton County,IN,32
717,18009,Blackford County,IN,27
718,18011,Boone County,IN,316
719,18013,Brown County,IN,33
720,18015,Carroll County,IN,93
721,18017,Cass County,IN,1591
722,18019,Clark County,IN,519
723,18021,Clay County,IN,51
724,18023,Clinton County,IN,238
725,18025,Crawford County,IN,24
726,18027,Daviess County,IN,94
727,18029,Dearborn County,IN,169
728,18031,Decatur County,IN,225
729,18033,DeKalb County,IN,37
730,18035,Delaware County,IN,385
731,18037,Dubois County,IN,202
732,18039,Elkhart County,IN,1384
733,18041,Fayette County,IN,78
734,18043,Floyd County,IN,319
735,18045,Fountain County,IN,22
736,18047,Franklin County,IN,110
737,18049,Fulton County,IN,49
738,18051,Gibson County,IN,17
739,18053,Grant County,IN,219
740,18055,Greene County,IN,169
741,18057,Hamilton County,IN,1170
742,18059,Hancock County,IN,345
743,18061,Harrison County,IN,195
744,18063,Hendricks County,IN,1177
745,18065,Henry County,IN,184
746,18067,Howard County,IN,429
747,18069,Huntington County,IN,28
748,18071,Jackson County,IN,394
749,18073,Jasper County,IN,68
750,18075,Jay County,IN,53
751,18077,Jefferson County,IN,46
752,18079,Jennings County,IN,131
753,18081,Johnson County,IN,1117
754,18083,Knox County,IN,29
755,18085,Kosciusko County,IN,156
756,18087,LaGrange County,IN,93
757,18089,Lake County,IN,3689
758,18091,LaPorte County,IN,434
759,18093,Lawrence County,IN,165
760,18095,Madison County,IN,594
761,18097,Marion County,IN,9978
762,18099,Marshall County,IN,128
763,18101,Martin County,IN,12
764,18103,Miami County,IN,141
765,18105,Monroe County,IN,169
766,18107,Montgomery County,IN,244
767,18109,Morgan County,IN,281
768,18111,Newton County,IN,78
769,18113,Noble County,IN,238
770,18115,Ohio County,IN,13
771,18117,Orange County,IN,130
772,18119,Owen County,IN,34
773,18121,Parke County,IN,17
774,18123,Perry County,IN,33
775,18125,Pike County,IN,6
776,18127,Porter County,IN,547
777,18129,Posey County,IN,16
778,18131,Pulaski County,IN,47
779,18133,Putnam County,IN,137
780,18135,Randolph County,IN,48
781,18137,Ripley County,IN,108
782,18139,Rush County,IN,48
783,18141,St. Joseph County,IN,1309
784,18143,Scott County,IN,121
785,18145,Shelby County,IN,375
786,18147,Spencer County,IN,21
787,18149,Starke County,IN,39
788,18151,Steuben County,IN,85
789,18153,Sullivan County,IN,36
790,18155,Switzerland County,IN,21
791,18157,Tippecanoe County,IN,418
792,18159,Tipton County,IN,25
793,18161,Union County,IN,9
794,18163,Vanderburgh County,IN,284
795,18165,Vermillion County,IN,10
796,18167,Vigo County,IN,171
797,18169,Wabash County,IN,79
798,18171,Warren County,IN,12
799,18173,Warrick County,IN,166
800,18175,Washington County,IN,50
801,18177,Wayne County,IN,85
802,18179,Wells County,IN,32
803,18181,White County,IN,238
804,18183,Whitley County,IN,43
806,19001,Adair County,IA,9
807,19003,Adams County,IA,7
808,19005,Allamakee County,IA,120
809,19007,Appanoose County,IA,14
810,19009,Audubon County,IA,12
811,19011,Benton County,IA,43
812,19013,Black Hawk County,IA,1753
813,19015,Boone County,IA,67
814,19017,Bremer County,IA,69
815,19019,Buchanan County,IA,33
816,19021,Buena Vista County,IA,836
817,19023,Butler County,IA,16
818,19025,Calhoun County,IA,3
819,19027,Carroll County,IA,12
820,19029,Cass County,IA,12
821,19031,Cedar County,IA,49
822,19033,Cerro Gordo County,IA,29
823,19035,Cherokee County,IA,32
824,19037,Chickasaw County,IA,11
825,19039,Clarke County,IA,61
826,19041,Clay County,IA,18
827,19043,Clayton County,IA,34
828,19045,Clinton County,IA,64
829,19047,Crawford County,IA,529
830,19049,Dallas County,IA,921
831,19051,Davis County,IA,25
832,19053,Decatur County,IA,1
833,19055,Delaware County,IA,17
834,19057,Des Moines County,IA,66
835,19059,Dickinson County,IA,25
836,19061,Dubuque County,IA,350
837,19063,Emmet County,IA,18
838,19065,Fayette County,IA,27
839,19067,Floyd County,IA,19
840,19069,Franklin County,IA,13
841,19071,Fremont County,IA,4
842,19073,Greene County,IA,13
843,19075,Grundy County,IA,19
844,19077,Guthrie County,IA,53
845,19079,Hamilton County,IA,44
846,19081,Hancock County,IA,16
847,19083,Hardin County,IA,17
848,19085,Harrison County,IA,25
849,19087,Henry County,IA,72
850,19089,Howard County,IA,12
851,19091,Humboldt County,IA,18
852,19093,Ida County,IA,14
853,19095,Iowa County,IA,33
854,19097,Jackson County,IA,12
855,19099,Jasper County,IA,260
856,19101,Jefferson County,IA,34
857,19103,Johnson County,IA,615
858,19105,Jones County,IA,37
859,19107,Keokuk County,IA,14
860,19109,Kossuth County,IA,12
861,19111,Lee County,IA,27
862,19113,Linn County,IA,957
863,19115,Louisa County,IA,346
864,19117,Lucas County,IA,19
865,19119,Lyon County,IA,24
866,19121,Madison County,IA,29
867,19123,Mahaska County,IA,96
868,19125,Marion County,IA,33
869,19127,Marshall County,IA,898
870,19129,Mills County,IA,19
871,19131,Mitchell County,IA,4
872,19133,Monona County,IA,25
873,19135,Monroe County,IA,38
874,19137,Montgomery County,IA,8
875,19139,Muscatine County,IA,558
876,19141,O'Brien County,IA,32
877,19143,Osceola County,IA,34
878,19145,Page County,IA,14
879,19147,Palo Alto County,IA,7
880,19149,Plymouth County,IA,135
881,19151,Pocahontas County,IA,13
882,19153,Polk County,IA,4328
883,19155,Pottawattamie County,IA,272
884,19157,Poweshiek County,IA,90
885,19159,Ringgold County,IA,4
886,19161,Sac County,IA,20
887,19163,Scott County,IA,364
888,19165,Shelby County,IA,37
889,19167,Sioux County,IA,286
890,19169,Story County,IA,118
891,19171,Tama County,IA,404
892,19173,Taylor County,IA,58
893,19175,Union County,IA,9
894,19177,Van Buren County,IA,9
895,19179,Wapello County,IA,607
896,19181,Warren County,IA,144
897,19183,Washington County,IA,190
898,19185,Wayne County,IA,1
899,19187,Webster County,IA,42
900,19189,Winnebago County,IA,11
901,19191,Winneshiek County,IA,24
902,19193,Woodbury County,IA,2781
903,19195,Worth County,IA,3
904,19197,Wright County,IA,187
906,20001,Allen County,KS,0
907,20003,Anderson County,KS,1
908,20005,Atchison County,KS,22
909,20007,Barber County,KS,1
910,20009,Barton County,KS,44
911,20011,Bourbon County,KS,8
912,20013,Brown County,KS,6
913,20015,Butler County,KS,38
914,20017,Chase County,KS,3
915,20019,Chautauqua County,KS,4
916,20021,Cherokee County,KS,10
917,20023,Cheyenne County,KS,2
918,20025,Clark County,KS,32
919,20027,Clay County,KS,5
920,20029,Cloud County,KS,5
921,20031,Coffey County,KS,50
922,20033,Comanche County,KS,2
923,20035,Cowley County,KS,10
924,20037,Crawford County,KS,6
925,20039,Decatur County,KS,0
926,20041,Dickinson County,KS,4
927,20043,Doniphan County,KS,17
928,20045,Douglas County,KS,67
929,20047,Edwards County,KS,5
930,20049,Elk County,KS,0
931,20051,Ellis County,KS,10
932,20053,Ellsworth County,KS,2
933,20055,Finney County,KS,1504
934,20057,Ford County,KS,1790
935,20059,Franklin County,KS,35
936,20061,Geary County,KS,18
937,20063,Gove County,KS,1
938,20065,Graham County,KS,0
939,20067,Grant County,KS,17
940,20069,Gray County,KS,22
941,20071,Greeley County,KS,0
942,20073,Greenwood County,KS,8
943,20075,Hamilton County,KS,20
944,20077,Harper County,KS,2
945,20079,Harvey County,KS,13
946,20081,Haskell County,KS,21
947,20083,Hodgeman County,KS,5
948,20085,Jackson County,KS,98
949,20087,Jefferson County,KS,22
950,20089,Jewell County,KS,4
951,20091,Johnson County,KS,877
952,20093,Kearny County,KS,45
953,20095,Kingman County,KS,0
954,20097,Kiowa County,KS,2
955,20099,Labette County,KS,22
956,20101,Lane County,KS,3
957,20103,Leavenworth County,KS,1095
958,20105,Lincoln County,KS,0
959,20107,Linn County,KS,10
960,20109,Logan County,KS,0
961,20111,Lyon County,KS,419
962,20113,McPherson County,KS,28
963,20115,Marion County,KS,7
964,20117,Marshall County,KS,0
965,20119,Meade County,KS,30
966,20121,Miami County,KS,7
967,20123,Mitchell County,KS,4
968,20125,Montgomery County,KS,19
969,20127,Morris County,KS,5
970,20129,Morton County,KS,6
971,20131,Nemaha County,KS,16
972,20133,Neosho County,KS,2
973,20135,Ness County,KS,3
974,20137,Norton County,KS,2
975,20139,Osage County,KS,7
976,20141,Osborne County,KS,2
977,20143,Ottawa County,KS,4
978,20145,Pawnee County,KS,0
979,20147,Phillips County,KS,2
980,20149,Pottawatomie County,KS,27
981,20151,Pratt County,KS,2
982,20153,Rawlins County,KS,0
983,20155,Reno County,KS,51
984,20157,Republic County,KS,4
985,20159,Rice County,KS,4
986,20161,Riley County,KS,64
987,20163,Rooks County,KS,7
988,20165,Rush County,KS,0
989,20167,Russell County,KS,0
990,20169,Saline County,KS,28
991,20171,Scott County,KS,14
992,20173,Sedgwick County,KS,604
993,20175,Seward County,KS,883
994,20177,Shawnee County,KS,328
995,20179,Sheridan County,KS,2
996,20181,Sherman County,KS,7
997,20183,Smith County,KS,2
998,20185,Stafford County,KS,1
999,20187,Stanton County,KS,9
1000,20189,Stevens County,KS,29
1001,20191,Sumner County,KS,8
1002,20193,Thomas County,KS,0
1003,20195,Trego County,KS,1
1004,20197,Wabaunsee County,KS,31
1005,20199,Wallace County,KS,0
1006,20201,Washington County,KS,0
1007,20203,Wichita County,KS,0
1008,20205,Wilson County,KS,1
1009,20207,Woodson County,KS,6
1010,20209,Wyandotte County,KS,1407
1012,21001,Adair County,KY,97
1013,21003,Allen County,KY,92
1014,21005,Anderson County,KY,21
1015,21007,Ballard County,KY,12
1016,21009,Barren County,KY,49
1017,21011,Bath County,KY,9
1018,21013,Bell County,KY,1
1019,21015,Boone County,KY,467
1020,21017,Bourbon County,KY,11
1021,21019,Boyd County,KY,40
1022,21021,Boyle County,KY,26
1023,21023,Bracken County,KY,13
1024,21025,Breathitt County,KY,3
1025,21027,Breckinridge County,KY,17
1026,21029,Bullitt County,KY,119
1027,21031,Butler County,KY,232
1028,21033,Caldwell County,KY,12
1029,21035,Calloway County,KY,52
1030,21037,Campbell County,KY,185
1031,21039,Carlisle County,KY,5
1032,21041,Carroll County,KY,14
1033,21043,Carter County,KY,12
1034,21045,Casey County,KY,3
1035,21047,Christian County,KY,111
1036,21049,Clark County,KY,42
1037,21051,Clay County,KY,7
1038,21053,Clinton County,KY,4
1039,21055,Crittenden County,KY,7
1040,21057,Cumberland County,KY,5
1041,21059,Daviess County,KY,323
1042,21061,Edmonson County,KY,56
1043,21063,Elliott County,KY,1
1044,21065,Estill County,KY,1
1045,21067,Fayette County,KY,770
1046,21069,Fleming County,KY,2
1047,21071,Floyd County,KY,17
1048,21073,Franklin County,KY,55
1049,21075,Fulton County,KY,7
1050,21077,Gallatin County,KY,43
1051,21079,Garrard County,KY,5
1052,21081,Grant County,KY,42
1053,21083,Graves County,KY,166
1054,21085,Grayson County,KY,126
1055,21087,Green County,KY,1
1056,21089,Greenup County,KY,14
1057,21091,Hancock County,KY,7
1058,21093,Hardin County,KY,106
1059,21095,Harlan County,KY,4
1060,21097,Harrison County,KY,23
1061,21099,Hart County,KY,23
1062,21101,Henderson County,KY,112
1063,21103,Henry County,KY,22
1064,21105,Hickman County,KY,5
1065,21107,Hopkins County,KY,222
1066,21109,Jackson County,KY,61
1067,21111,Jefferson County,KY,2562
1068,21113,Jessamine County,KY,67
1069,21115,Johnson County,KY,5
1070,21117,Kenton County,KY,614
1071,21119,Knott County,KY,4
1072,21121,Knox County,KY,10
1073,21123,Larue County,KY,8
1074,21125,Laurel County,KY,21
1075,21127,Lawrence County,KY,4
1076,21129,Lee County,KY,1
1077,21131,Leslie County,KY,6
1078,21133,Letcher County,KY,3
1079,21135,Lewis County,KY,7
1080,21137,Lincoln County,KY,8
1081,21139,Livingston County,KY,8
1082,21141,Logan County,KY,152
1083,21143,Lyon County,KY,15
1084,21145,McCracken County,KY,97
1085,21147,McCreary County,KY,13
1086,21149,McLean County,KY,22
1087,21151,Madison County,KY,54
1088,21153,Magoffin County,KY,2
1089,21155,Marion County,KY,24
1090,21157,Marshall County,KY,37
1091,21159,Martin County,KY,3
1092,21161,Mason County,KY,9
1093,21163,Meade County,KY,22
1094,21165,Menifee County,KY,10
1095,21167,Mercer County,KY,14
1096,21169,Metcalfe County,KY,6
1097,21171,Monroe County,KY,21
1098,21173,Montgomery County,KY,25
1099,21175,Morgan County,KY,1
1100,21177,Muhlenberg County,KY,479
1101,21179,Nelson County,KY,42
1102,21181,Nicholas County,KY,3
1103,21183,Ohio County,KY,148
1104,21185,Oldham County,KY,100
1105,21187,Owen County,KY,3
1106,21189,Owsley County,KY,2
1107,21191,Pendleton County,KY,11
1108,21193,Perry County,KY,21
1109,21195,Pike County,KY,30
1110,21197,Powell County,KY,1
1111,21199,Pulaski County,KY,60
1112,21201,Robertson County,KY,0
1113,21203,Rockcastle County,KY,13
1114,21205,Rowan County,KY,7
1115,21207,Russell County,KY,24
1116,21209,Scott County,KY,35
1117,21211,Shelby County,KY,178
1118,21213,Simpson County,KY,54
1119,21215,Spencer County,KY,22
1120,21217,Taylor County,KY,12
1121,21219,Todd County,KY,17
1122,21221,Trigg County,KY,10
1123,21223,Trimble County,KY,4
1124,21225,Union County,KY,15
1125,21227,Warren County,KY,1045
1126,21229,Washington County,KY,6
1127,21231,Wayne County,KY,8
1128,21233,Webster County,KY,32
1129,21235,Whitley County,KY,13
1130,21237,Wolfe County,KY,1
1131,21239,Woodford County,KY,29
1133,22001,Acadia Parish,LA,428
1134,22003,Allen Parish,LA,184
1135,22005,Ascension Parish,LA,841
1136,22007,Assumption Parish,LA,252
1137,22009,Avoyelles Parish,LA,136
1138,22011,Beauregard Parish,LA,69
1139,22013,Bienville Parish,LA,147
1140,22015,Bossier Parish,LA,421
1141,22017,Caddo Parish,LA,2609
1142,22019,Calcasieu Parish,LA,611
1143,22021,Caldwell Parish,LA,60
1144,22023,Cameron Parish,LA,6
1145,22025,Catahoula Parish,LA,114
1146,22027,Claiborne Parish,LA,66
1147,22029,Concordia Parish,LA,88
1148,22031,De Soto Parish,LA,249
1149,22033,East Baton Rouge Parish,LA,3730
1150,22035,East Carroll Parish,LA,164
1151,22037,East Feliciana Parish,LA,198
1152,22039,Evangeline Parish,LA,80
1153,22041,Franklin Parish,LA,377
1154,22043,Grant Parish,LA,30
1155,22045,Iberia Parish,LA,411
1156,22047,Iberville Parish,LA,578
1157,22049,Jackson Parish,LA,109
1158,22051,Jefferson Parish,LA,7711
1159,22053,Jefferson Davis Parish,LA,78
1160,22055,Lafayette Parish,LA,803
1161,22057,Lafourche Parish,LA,867
1162,22059,La Salle Parish,LA,53
1163,22061,Lincoln Parish,LA,160
1164,22063,Livingston Parish,LA,440
1165,22065,Madison Parish,LA,105
1166,22067,Morehouse Parish,LA,122
1167,22069,Natchitoches Parish,LA,172
1168,22071,Orleans Parish,LA,7156
1169,22073,Ouachita Parish,LA,1289
1170,22075,Plaquemines Parish,LA,215
1171,22077,Pointe Coupee Parish,LA,205
1172,22079,Rapides Parish,LA,810
1173,22081,Red River Parish,LA,50
1174,22083,Richland Parish,LA,139
1175,22085,Sabine Parish,LA,47
1176,22087,St. Bernard Parish,LA,544
1177,22089,St. Charles Parish,LA,645
1178,22091,St. Helena Parish,LA,51
1179,22093,St. James Parish,LA,294
1180,22095,St. John the Baptist Parish,LA,864
1181,22097,St. Landry Parish,LA,266
1182,22099,St. Martin Parish,LA,281
1183,22101,St. Mary Parish,LA,323
1184,22103,St. Tammany Parish,LA,1776
1185,22105,Tangipahoa Parish,LA,883
1186,22107,Tensas Parish,LA,12
1187,22109,Terrebonne Parish,LA,692
1188,22111,Union Parish,LA,324
1189,22113,Vermilion Parish,LA,57
1190,22115,Vernon Parish,LA,28
1191,22117,Washington Parish,LA,437
1192,22119,Webster Parish,LA,157
1193,22121,West Baton Rouge Parish,LA,176
1194,22123,West Carroll Parish,LA,66
1195,22125,West Feliciana Parish,LA,212
1196,22127,Winn Parish,LA,174
1198,23001,Androscoggin County,ME,314
1199,23003,Aroostook County,ME,10
1200,23005,Cumberland County,ME,1203
1201,23007,Franklin County,ME,36
1202,23009,Hancock County,ME,11
1203,23011,Kennebec County,ME,127
1204,23013,Knox County,ME,20
1205,23015,Lincoln County,ME,20
1206,23017,Oxford County,ME,31
1207,23019,Penobscot County,ME,100
1208,23021,Piscataquis County,ME,1
1209,23023,Sagadahoc County,ME,30
1210,23025,Somerset County,ME,22
1211,23027,Waldo County,ME,51
1212,23029,Washington County,ME,1
1213,23031,York County,ME,396
1215,24001,Allegany County,MD,181
1216,24003,Anne Arundel County,MD,3924
1217,24005,Baltimore County,MD,6385
1218,24009,Calvert County,MD,348
1219,24011,Caroline County,MD,263
1220,24013,Carroll County,MD,927
1221,24015,Cecil County,MD,377
1222,24017,Charles County,MD,1133
1223,24019,Dorchester County,MD,144
1224,24021,Frederick County,MD,1961
1225,24023,Garrett County,MD,10
1226,24025,Harford County,MD,891
1227,24027,Howard County,MD,1975
1228,24029,Kent County,MD,174
1229,24031,Montgomery County,MD,11731
1230,24033,Prince George's County,MD,15553
1231,24035,Queen Anne's County,MD,161
1232,24037,St. Mary's County,MD,518
1233,24039,Somerset County,MD,74
1234,24041,Talbot County,MD,101
1235,24043,Washington County,MD,480
1236,24045,Wicomico County,MD,955
1237,24047,Worcester County,MD,217
1238,24510,Baltimore City,MD,5688
1240,25001,Barnstable County,MA,1430
1241,25003,Berkshire County,MA,566
1242,25005,Bristol County,MA,7380
1243,25007,Dukes County,MA,41
1244,25009,Essex County,MA,14795
1245,25011,Franklin County,MA,335
1246,25013,Hampden County,MA,6201
1247,25015,Hampshire County,MA,883
1248,25017,Middlesex County,MA,22296
1249,25019,Nantucket County,MA,13
1250,25021,Norfolk County,MA,8600
1251,25023,Plymouth County,MA,8228
1252,25025,Suffolk County,MA,18636
1253,25027,Worcester County,MA,11438
1255,26001,Alcona County,MI,17
1256,26003,Alger County,MI,0
1257,26005,Allegan County,MI,221
1258,26007,Alpena County,MI,95
1259,26009,Antrim County,MI,12
1260,26011,Arenac County,MI,34
1261,26013,Baraga County,MI,1
1262,26015,Barry County,MI,64
1263,26017,Bay County,MI,317
1264,26019,Benzie County,MI,4
1265,26021,Berrien County,MI,636
1266,26023,Branch County,MI,124
1267,26025,Calhoun County,MI,386
1268,26027,Cass County,MI,83
1269,26029,Charlevoix County,MI,15
1270,26031,Cheboygan County,MI,21
1271,26033,Chippewa County,MI,2
1272,26035,Clare County,MI,19
1273,26037,Clinton County,MI,140
1274,26039,Crawford County,MI,58
1275,26041,Delta County,MI,17
1276,26043,Dickinson County,MI,5
1277,26045,Eaton County,MI,189
1278,26047,Emmet County,MI,21
1279,26049,Genesee County,MI,2021
1280,26051,Gladwin County,MI,18
1281,26053,Gogebic County,MI,5
1282,26055,Grand Traverse County,MI,27
1283,26057,Gratiot County,MI,76
1284,26059,Hillsdale County,MI,169
1285,26061,Houghton County,MI,6
1286,26063,Huron County,MI,48
1287,26065,Ingham County,MI,745
1288,26067,Ionia County,MI,152
1289,26069,Iosco County,MI,95
1290,26071,Iron County,MI,1
1291,26073,Isabella County,MI,78
1292,26075,Jackson County,MI,456
1293,26077,Kalamazoo County,MI,848
1294,26079,Kalkaska County,MI,19
1295,26081,Kent County,MI,3777
1296,26083,Keweenaw County,MI,0
1297,26085,Lake County,MI,6
1298,26087,Lapeer County,MI,191
1299,26089,Leelanau County,MI,11
1300,26091,Lenawee County,MI,154
1301,26093,Livingston County,MI,397
1302,26095,Luce County,MI,3
1303,26097,Mackinac County,MI,8
1304,26099,Macomb County,MI,6720
1305,26101,Manistee County,MI,11
1306,26103,Marquette County,MI,56
1307,26105,Mason County,MI,32
1308,26107,Mecosta County,MI,21
1309,26109,Menominee County,MI,8
1310,26111,Midland County,MI,82
1311,26113,Missaukee County,MI,16
1312,26115,Monroe County,MI,472
1313,26117,Montcalm County,MI,66
1314,26119,Montmorency County,MI,5
1315,26121,Muskegon County,MI,648
1316,26123,Newaygo County,MI,108
1317,26125,Oakland County,MI,8412
1318,26127,Oceana County,MI,89
1319,26129,Ogemaw County,MI,22
1320,26131,Ontonagon County,MI,0
1321,26133,Osceola County,MI,11
1322,26135,Oscoda County,MI,5
1323,26137,Otsego County,MI,102
1324,26139,Ottawa County,MI,786
1325,26141,Presque Isle County,MI,11
1326,26143,Roscommon County,MI,21
1327,26145,Saginaw County,MI,1050
1328,26147,St. Clair County,MI,448
1329,26149,St. Joseph County,MI,129
1330,26151,Sanilac County,MI,41
1331,26153,Schoolcraft County,MI,4
1332,26155,Shiawassee County,MI,239
1333,26157,Tuscola County,MI,188
1334,26159,Van Buren County,MI,147
1335,26161,Washtenaw County,MI,1340
1336,26163,Wayne County,MI,20468
1337,26165,Wexford County,MI,12
1339,27001,Aitkin County,MN,11
1340,27003,Anoka County,MN,1441
1341,27005,Becker County,MN,41
1342,27007,Beltrami County,MN,16
1343,27009,Benton County,MN,178
1344,27011,Big Stone County,MN,8
1345,27013,Blue Earth County,MN,145
1346,27015,Brown County,MN,16
1347,27017,Carlton County,MN,75
1348,27019,Carver County,MN,222
1349,27021,Cass County,MN,11
1350,27023,Chippewa County,MN,51
1351,27025,Chisago County,MN,62
1352,27027,Clay County,MN,430
1353,27029,Clearwater County,MN,3
1354,27031,Cook County,MN,0
1355,27033,Cottonwood County,MN,76
1356,27035,Crow Wing County,MN,72
1357,27037,Dakota County,MN,1368
1358,27039,Dodge County,MN,53
1359,27041,Douglas County,MN,44
1360,27043,Faribault County,MN,20
1361,27045,Fillmore County,MN,17
1362,27047,Freeborn County,MN,130
1363,27049,Goodhue County,MN,69
1364,27051,Grant County,MN,4
1365,27053,Hennepin County,MN,8591
1366,27055,Houston County,MN,2
1367,27057,Hubbard County,MN,3
1368,27059,Isanti County,MN,35
1369,27061,Itasca County,MN,55
1370,27063,Jackson County,MN,40
1371,27065,Kanabec County,MN,12
1372,27067,Kandiyohi County,MN,504
1373,27069,Kittson County,MN,1
1374,27071,Koochiching County,MN,9
1375,27073,Lac Qui Parle County,MN,3
1376,27075,Lake County,MN,1
1377,27077,Lake of the Woods County,MN,0
1378,27079,Le Sueur County,MN,44
1379,27081,Lincoln County,MN,6
1380,27083,Lyon County,MN,65
1381,27085,McLeod County,MN,37
1382,27087,Mahnomen County,MN,6
1383,27089,Marshall County,MN,12
1384,27091,Martin County,MN,132
1385,27093,Meeker County,MN,45
1386,27095,Mille Lacs County,MN,20
1387,27097,Morrison County,MN,48
1388,27099,Mower County,MN,354
1389,27101,Murray County,MN,39
1390,27103,Nicollet County,MN,88
1391,27105,Nobles County,MN,1552
1392,27107,Norman County,MN,13
1393,27109,Olmsted County,MN,650
1394,27111,Otter Tail County,MN,70
1395,27113,Pennington County,MN,19
1396,27115,Pine County,MN,89
1397,27117,Pipestone County,MN,12
1398,27119,Polk County,MN,61
1399,27121,Pope County,MN,9
1400,27123,Ramsey County,MN,3128
1401,27125,Red Lake County,MN,3
1402,27127,Redwood County,MN,6
1403,27129,Renville County,MN,5
1404,27131,Rice County,MN,467
1405,27133,Rock County,MN,22
1406,27135,Roseau County,MN,2
1407,27137,St. Louis County,MN,118
1408,27139,Scott County,MN,442
1409,27141,Sherburne County,MN,248
1410,27143,Sibley County,MN,16
1411,27145,Stearns County,MN,2042
1412,27147,Steele County,MN,164
1413,27149,Stevens County,MN,1
1414,27151,Swift County,MN,19
1415,27153,Todd County,MN,327
1416,27155,Traverse County,MN,4
1417,27157,Wabasha County,MN,18
1418,27159,Wadena County,MN,10
1419,27161,Waseca County,MN,26
1420,27163,Washington County,MN,658
1421,27165,Watonwan County,MN,77
1422,27167,Wilkin County,MN,11
1423,27169,Winona County,MN,80
1424,27171,Wright County,MN,327
1425,27173,Yellow Medicine County,MN,6
1427,28001,Adams County,MS,200
1428,28003,Alcorn County,MS,18
1429,28005,Amite County,MS,64
1430,28007,Attala County,MS,303
1431,28009,Benton County,MS,14
1432,28011,Bolivar County,MS,165
1433,28013,Calhoun County,MS,67
1434,28015,Carroll County,MS,116
1435,28017,Chickasaw County,MS,137
1436,28019,Choctaw County,MS,47
1437,28021,Claiborne County,MS,112
1438,28023,Clarke County,MS,154
1439,28025,Clay County,MS,115
1440,28027,Coahoma County,MS,127
1441,28029,Copiah County,MS,315
1442,28031,Covington County,MS,173
1443,28033,DeSoto County,MS,553
1444,28035,Forrest County,MS,592
1445,28037,Franklin County,MS,29
1446,28039,George County,MS,26
1447,28041,Greene County,MS,22
1448,28043,Grenada County,MS,99
1449,28045,Hancock County,MS,90
1450,28047,Harrison County,MS,263
1451,28049,Hinds County,MS,1035
1452,28051,Holmes County,MS,439
1453,28053,Humphreys County,MS,59
1454,28055,Issaquena County,MS,0
1455,28057,Itawamba County,MS,89
1456,28059,Jackson County,MS,308
1457,28061,Jasper County,MS,165
1458,28063,Jefferson County,MS,42
1459,28065,Jefferson Davis County,MS,80
1460,28067,Jones County,MS,663
1461,28069,Kemper County,MS,147
1462,28071,Lafayette County,MS,141
1463,28073,Lamar County,MS,248
1464,28075,Lauderdale County,MS,745
1465,28077,Lawrence County,MS,105
1466,28079,Leake County,MS,447
1467,28081,Lee County,MS,165
1468,28083,Leflore County,MS,273
1469,28085,Lincoln County,MS,270
1470,28087,Lowndes County,MS,230
1471,28089,Madison County,MS,745
1472,28091,Marion County,MS,115
1473,28093,Marshall County,MS,81
1474,28095,Monroe County,MS,265
1475,28097,Montgomery County,MS,84
1476,28099,Neshoba County,MS,707
1477,28101,Newton County,MS,282
1478,28103,Noxubee County,MS,191
1479,28105,Oktibbeha County,MS,253
1480,28107,Panola County,MS,84
1481,28109,Pearl River County,MS,211
1482,28111,Perry County,MS,51
1483,28113,Pike County,MS,204
1484,28115,Pontotoc County,MS,43
1485,28117,Prentiss County,MS,51
1486,28119,Quitman County,MS,30
1487,28121,Rankin County,MS,446
1488,28123,Scott County,MS,661
1489,28125,Sharkey County,MS,7
1490,28127,Simpson County,MS,102
1491,28129,Smith County,MS,153
1492,28131,Stone County,MS,31
1493,28133,Sunflower County,MS,85
1494,28135,Tallahatchie County,MS,29
1495,28137,Tate County,MS,88
1496,28139,Tippah County,MS,76
1497,28141,Tishomingo County,MS,34
1498,28143,Tunica County,MS,56
1499,28145,Union County,MS,85
1500,28147,Walthall County,MS,61
1501,28149,Warren County,MS,181
1502,28151,Washington County,MS,191
1503,28153,Wayne County,MS,224
1504,28155,Webster County,MS,67
1505,28157,Wilkinson County,MS,85
1506,28159,Winston County,MS,121
1507,28161,Yalobusha County,MS,96
1508,28163,Yazoo County,MS,286
1510,29001,Adair County,MO,60
1511,29003,Andrew County,MO,30
1512,29005,Atchison County,MO,3
1513,29007,Audrain County,MO,90
1514,29009,Barry County,MO,8
1515,29011,Barton County,MO,0
1516,29013,Bates County,MO,10
1517,29015,Benton County,MO,11
1518,29017,Bollinger County,MO,6
1519,29019,Boone County,MO,154
1520,29021,Buchanan County,MO,719
1521,29023,Butler County,MO,35
1522,29025,Caldwell County,MO,6
1523,29027,Callaway County,MO,30
1524,29029,Camden County,MO,37
1525,29031,Cape Girardeau County,MO,76
1526,29033,Carroll County,MO,8
1527,29035,Carter County,MO,5
1528,29037,Cass County,MO,96
1529,29039,Cedar County,MO,9
1530,29041,Chariton County,MO,6
1531,29043,Christian County,MO,24
1532,29045,Clark County,MO,1
1533,29047,Clay County,MO,173
1534,29049,Clinton County,MO,18
1535,29051,Cole County,MO,57
1536,29053,Cooper County,MO,9
1537,29055,Crawford County,MO,8
1538,29057,Dade County,MO,0
1539,29059,Dallas County,MO,3
1540,29061,Daviess County,MO,4
1541,29063,DeKalb County,MO,6
1542,29065,Dent County,MO,1
1543,29067,Douglas County,MO,2
1544,29069,Dunklin County,MO,44
1545,29071,Franklin County,MO,142
1546,29073,Gasconade County,MO,2
1547,29075,Gentry County,MO,41
1548,29077,Greene County,MO,147
1549,29079,Grundy County,MO,3
1550,29081,Harrison County,MO,9
1551,29083,Henry County,MO,11
1552,29085,Hickory County,MO,0
1553,29087,Holt County,MO,1
1554,29089,Howard County,MO,3
1555,29091,Howell County,MO,9
1556,29093,Iron County,MO,2
1557,29095,Jackson County (including other portions of Kansas City),MO,1952
1558,29097,Jasper County,MO,37
1559,29099,Jefferson County,MO,348
1560,29101,Johnson County,MO,76
1561,29103,Knox County,MO,0
1562,29105,Laclede County,MO,7
1563,29107,Lafayette County,MO,75
1564,29109,Lawrence County,MO,7
1565,29111,Lewis County,MO,7
1566,29113,Lincoln County,MO,84
1567,29115,Linn County,MO,9
1568,29117,Livingston County,MO,3
1569,29119,McDonald County,MO,22
1570,29121,Macon County,MO,5
1571,29123,Madison County,MO,3
1572,29125,Maries County,MO,2
1573,29127,Marion County,MO,5
1574,29129,Mercer County,MO,1
1575,29131,Miller County,MO,4
1576,29133,Mississippi County,MO,59
1577,29135,Moniteau County,MO,48
1578,29137,Monroe County,MO,2
1579,29139,Montgomery County,MO,9
1580,29141,Morgan County,MO,9
1581,29143,New Madrid County,MO,21
1582,29145,Newton County,MO,20
1583,29147,Nodaway County,MO,13
1584,29149,Oregon County,MO,2
1585,29151,Osage County,MO,5
1586,29153,Ozark County,MO,0
1587,29155,Pemiscot County,MO,88
1588,29157,Perry County,MO,63
1589,29159,Pettis County,MO,77
1590,29161,Phelps County,MO,4
1591,29163,Pike County,MO,25
1592,29165,Platte County,MO,72
1593,29167,Polk County,MO,3
1594,29169,Pulaski County,MO,35
1595,29171,Putnam County,MO,0
1596,29173,Ralls County,MO,5
1597,29175,Randolph County,MO,10
1598,29177,Ray County,MO,19
1599,29179,Reynolds County,MO,2
1600,29181,Ripley County,MO,8
1601,29183,St. Charles County,MO,791
1602,29185,St. Clair County,MO,2
1603,29186,Ste. Genevieve County,MO,11
1604,29187,St. Francois County,MO,36
1605,29189,St. Louis County,MO,4886
1606,29195,Saline County,MO,268
1607,29197,Schuyler County,MO,1
1608,29199,Scotland County,MO,6
1609,29201,Scott County,MO,109
1610,29203,Shannon County,MO,3
1611,29205,Shelby County,MO,1
1612,29207,Stoddard County,MO,87
1613,29209,Stone County,MO,5
1614,29211,Sullivan County,MO,61
1615,29213,Taney County,MO,13
1616,29215,Texas County,MO,1
1617,29217,Vernon County,MO,10
1618,29219,Warren County,MO,27
1619,29221,Washington County,MO,12
1620,29223,Wayne County,MO,0
1621,29225,Webster County,MO,18
1622,29227,Worth County,MO,4
1623,29229,Wright County,MO,11
1624,29510,City of St. Louis,MO,1839
1626,30001,Beaverhead County,MT,1
1627,30003,Big Horn County,MT,31
1628,30005,Blaine County,MT,0
1629,30007,Broadwater County,MT,4
1630,30009,Carbon County,MT,6
1631,30011,Carter County,MT,0
1632,30013,Cascade County,MT,17
1633,30015,Chouteau County,MT,0
1634,30017,Custer County,MT,0
1635,30019,Daniels County,MT,0
1636,30021,Dawson County,MT,0
1637,30023,Deer Lodge County,MT,3
1638,30025,Fallon County,MT,0
1639,30027,Fergus County,MT,1
1640,30029,Flathead County,MT,37
1641,30031,Gallatin County,MT,155
1642,30033,Garfield County,MT,0
1643,30035,Glacier County,MT,6
1644,30037,Golden Valley County,MT,3
1645,30039,Granite County,MT,0
1646,30041,Hill County,MT,1
1647,30043,Jefferson County,MT,3
1648,30045,Judith Basin County,MT,0
1649,30047,Lake County,MT,6
1650,30049,Lewis and Clark County,MT,17
1651,30051,Liberty County,MT,1
1652,30053,Lincoln County,MT,7
1653,30055,McCone County,MT,0
1654,30057,Madison County,MT,8
1655,30059,Meagher County,MT,1
1656,30061,Mineral County,MT,0
1657,30063,Missoula County,MT,40
1658,30065,Musselshell County,MT,1
1659,30067,Park County,MT,8
1660,30069,Petroleum County,MT,0
1661,30071,Phillips County,MT,0
1662,30073,Pondera County,MT,2
1663,30075,Powder River County,MT,0
1664,30077,Powell County,MT,0
1665,30079,Prairie County,MT,0
1666,30081,Ravalli County,MT,14
1667,30083,Richland County,MT,3
1668,30085,Roosevelt County,MT,7
1669,30087,Rosebud County,MT,1
1670,30089,Sanders County,MT,0
1671,30091,Sheridan County,MT,0
1672,30093,Silver Bow County,MT,11
1673,30095,Stillwater County,MT,1
1674,30097,Sweet Grass County,MT,0
1675,30099,Teton County,MT,0
1676,30101,Toole County,MT,29
1677,30103,Treasure County,MT,0
1678,30105,Valley County,MT,0
1679,30107,Wheatland County,MT,1
1680,30109,Wibaux County,MT,0
1681,30111,Yellowstone County,MT,101
1683,31001,Adams County,NE,272
1684,31003,Antelope County,NE,8
1685,31005,Arthur County,NE,0
1686,31007,Banner County,NE,0
1687,31009,Blaine County,NE,0
1688,31011,Boone County,NE,6
1689,31013,Box Butte County,NE,2
1690,31015,Boyd County,NE,1
1691,31017,Brown County,NE,0
1692,31019,Buffalo County,NE,166
1693,31021,Burt County,NE,8
1694,31023,Butler County,NE,49
1695,31025,Cass County,NE,53
1696,31027,Cedar County,NE,8
1697,31029,Chase County,NE,1
1698,31031,Cherry County,NE,1
1699,31033,Cheyenne County,NE,9
1700,31035,Clay County,NE,24
1701,31037,Colfax County,NE,620
1702,31039,Cuming County,NE,34
1703,31041,Custer County,NE,31
1704,31043,Dakota County,NE,1675
1705,31045,Dawes County,NE,1
1706,31047,Dawson County,NE,839
1707,31049,Deuel County,NE,0
1708,31051,Dixon County,NE,29
1709,31053,Dodge County,NE,487
1710,31055,Douglas County,NE,4476
1711,31057,Dundy County,NE,0
1712,31059,Fillmore County,NE,7
1713,31061,Franklin County,NE,6
1714,31063,Frontier County,NE,1
1715,31065,Furnas County,NE,9
1716,31067,Gage County,NE,45
1717,31069,Garden County,NE,2
1718,31071,Garfield County,NE,0
1719,31073,Gosper County,NE,13
1720,31075,Grant County,NE,0
1721,31077,Greeley County,NE,2
1722,31079,Hall County,NE,1522
1723,31081,Hamilton County,NE,55
1724,31083,Harlan County,NE,0
1725,31085,Hayes County,NE,0
1726,31087,Hitchcock County,NE,1
1727,31089,Holt County,NE,1
1728,31091,Hooker County,NE,0
1729,31093,Howard County,NE,42
1730,31095,Jefferson County,NE,7
1731,31097,Johnson County,NE,6
1732,31099,Kearney County,NE,11
1733,31101,Keith County,NE,2
1734,31103,Keya Paha County,NE,0
1735,31105,Kimball County,NE,8
1736,31107,Knox County,NE,10
1737,31109,Lancaster County,NE,1244
1738,31111,Lincoln County,NE,47
1739,31113,Logan County,NE,0
1740,31115,Loup County,NE,0
1741,31117,McPherson County,NE,0
1742,31119,Madison County,NE,318
1743,31121,Merrick County,NE,32
1744,31123,Morrill County,NE,11
1745,31125,Nance County,NE,4
1746,31127,Nemaha County,NE,4
1747,31129,Nuckolls County,NE,1
1748,31131,Otoe County,NE,7
1749,31133,Pawnee County,NE,0
1750,31135,Perkins County,NE,0
1751,31137,Phelps County,NE,20
1752,31139,Pierce County,NE,6
1753,31141,Platte County,NE,603
1754,31143,Polk County,NE,11
1755,31145,Red Willow County,NE,5
1756,31147,Richardson County,NE,1
1757,31149,Rock County,NE,0
1758,31151,Saline County,NE,506
1759,31153,Sarpy County,NE,680
1760,31155,Saunders County,NE,40
1761,31157,Scotts Bluff County,NE,112
1762,31159,Seward County,NE,28
1763,31161,Sheridan County,NE,0
1764,31163,Sherman County,NE,4
1765,31165,Sioux County,NE,0
1766,31167,Stanton County,NE,20
1767,31169,Thayer County,NE,1
1768,31171,Thomas County,NE,1
1769,31173,Thurston County,NE,49
1770,31175,Valley County,NE,4
1771,31177,Washington County,NE,32
1772,31179,Wayne County,NE,18
1773,31181,Webster County,NE,5
1774,31183,Wheeler County,NE,0
1775,31185,York County,NE,36
1777,32001,Churchill County,NV,7
1778,32003,Clark County,NV,6719
1779,32005,Douglas County,NV,32
1780,32007,Elko County,NV,24
1781,32009,Esmeralda County,NV,0
1782,32011,Eureka County,NV,0
1783,32013,Humboldt County,NV,78
1784,32015,Lander County,NV,20
1785,32017,Lincoln County,NV,2
1786,32019,Lyon County,NV,65
1787,32021,Mineral County,NV,4
1788,32023,Nye County,NV,62
1789,32027,Pershing County,NV,0
1790,32029,Storey County,NV,1
1791,32031,Washoe County,NV,1585
1792,32033,White Pine County,NV,3
1793,32510,Carson City,NV,99
1795,33001,Belknap County,NH,63
1796,33003,Carroll County,NH,48
1797,33005,Cheshire County,NH,57
1798,33007,Coos County,NH,5
1799,33009,Grafton County,NH,75
1800,33011,Hillsborough County,NH,2528
1801,33013,Merrimack County,NH,352
1802,33015,Rockingham County,NH,1320
1803,33017,Strafford County,NH,271
1804,33019,Sullivan County,NH,19
1806,34001,Atlantic County,NJ,2251
1807,34003,Bergen County,NJ,18333
1808,34005,Burlington County,NJ,4680
1809,34007,Camden County,NJ,6603
1810,34009,Cape May County,NJ,628
1811,34011,Cumberland County,NJ,2345
1812,34013,Essex County,NJ,17752
1813,34015,Gloucester County,NJ,2262
1814,34017,Hudson County,NJ,18455
1815,34019,Hunterdon County,NJ,999
1816,34021,Mercer County,NJ,7004
1817,34023,Middlesex County,NJ,16021
1818,34025,Monmouth County,NJ,8289
1819,34027,Morris County,NJ,6512
1820,34029,Ocean County,NJ,8817
1821,34031,Passaic County,NJ,16234
1822,34033,Salem County,NJ,645
1823,34035,Somerset County,NJ,4605
1824,34037,Sussex County,NJ,1123
1825,34039,Union County,NJ,15868
1826,34041,Warren County,NJ,1173
1828,35001,Bernalillo County,NM,1499
1829,35003,Catron County,NM,2
1830,35005,Chaves County,NM,48
1831,35006,Cibola County,NM,145
1832,35007,Colfax County,NM,5
1833,35009,Curry County,NM,55
1834,35011,De Baca County,NM,0
1835,35013,Dona Ana County,NM,479
1836,35015,Eddy County,NM,23
1837,35017,Grant County,NM,15
1838,35019,Guadalupe County,NM,20
1839,35021,Harding County,NM,1
1840,35023,Hidalgo County,NM,1
1841,35025,Lea County,NM,26
1842,35027,Lincoln County,NM,4
1843,35028,Los Alamos County,NM,6
1844,35029,Luna County,NM,9
1845,35031,McKinley County,NM,2480
1846,35033,Mora County,NM,0
1847,35035,Otero County,NM,22
1848,35037,Quay County,NM,4
1849,35039,Rio Arriba County,NM,49
1850,35041,Roosevelt County,NM,41
1851,35043,Sandoval County,NM,572
1852,35045,San Juan County,NM,1813
1853,35047,San Miguel County,NM,15
1854,35049,Santa Fe County,NM,148
1855,35051,Sierra County,NM,1
1856,35053,Socorro County,NM,52
1857,35055,Taos County,NM,30
1858,35057,Torrance County,NM,32
1859,35059,Union County,NM,4
1860,35061,Valencia County,NM,77
1862,1,New York City Unallocated/Probable,NY,0
1863,36001,Albany County,NY,1900
1864,36003,Allegany County,NY,48
1865,36005,Bronx County,NY,45466
1866,36007,Broome County,NY,578
1867,36009,Cattaraugus County,NY,89
1868,36011,Cayuga County,NY,93
1869,36013,Chautauqua County,NY,86
1870,36015,Chemung County,NY,137
1871,36017,Chenango County,NY,133
1872,36019,Clinton County,NY,97
1873,36021,Columbia County,NY,391
1874,36023,Cortland County,NY,41
1875,36025,Delaware County,NY,82
1876,36027,Dutchess County,NY,3936
1877,36029,Erie County,NY,6173
1878,36031,Essex County,NY,38
1879,36033,Franklin County,NY,23
1880,36035,Fulton County,NY,212
1881,36037,Genesee County,NY,202
1882,36039,Greene County,NY,241
1883,36041,Hamilton County,NY,5
1884,36043,Herkimer County,NY,111
1885,36045,Jefferson County,NY,74
1886,36047,Kings County,NY,56242
1887,36049,Lewis County,NY,20
1888,36051,Livingston County,NY,119
1889,36053,Madison County,NY,317
1890,36055,Monroe County,NY,2989
1891,36057,Montgomery County,NY,93
1892,36059,Nassau County,NY,40572
1893,36061,New York County,NY,26814
1894,36063,Niagara County,NY,1048
1895,36065,Oneida County,NY,1049
1896,36067,Onondaga County,NY,2228
1897,36069,Ontario County,NY,209
1898,36071,Orange County,NY,10449
1899,36073,Orleans County,NY,241
1900,36075,Oswego County,NY,110
1901,36077,Otsego County,NY,73
1902,36079,Putnam County,NY,1262
1903,36081,Queens County,NY,62293
1904,36083,Rensselaer County,NY,493
1905,36085,Richmond County,NY,13562
1906,36087,Rockland County,NY,13223
1907,36089,St. Lawrence County,NY,205
1908,36091,Saratoga County,NY,484
1909,36093,Schenectady County,NY,696
1910,36095,Schoharie County,NY,51
1911,36097,Schuyler County,NY,12
1912,36099,Seneca County,NY,59
1913,36101,Steuben County,NY,242
1914,36103,Suffolk County,NY,39980
1915,36105,Sullivan County,NY,1392
1916,36107,Tioga County,NY,131
1917,36109,Tompkins County,NY,164
1918,36111,Ulster County,NY,1696
1919,36113,Warren County,NY,255
1920,36115,Washington County,NY,237
1921,36117,Wayne County,NY,116
1922,36119,Westchester County,NY,33633
1923,36121,Wyoming County,NY,86
1924,36123,Yates County,NY,39
1926,37001,Alamance County,NC,368
1927,37003,Alexander County,NC,38
1928,37005,Alleghany County,NC,18
1929,37007,Anson County,NC,66
1930,37009,Ashe County,NC,36
1931,37011,Avery County,NC,2
1932,37013,Beaufort County,NC,36
1933,37015,Bertie County,NC,125
1934,37017,Bladen County,NC,104
1935,37019,Brunswick County,NC,95
1936,37021,Buncombe County,NC,354
1937,37023,Burke County,NC,436
1938,37025,Cabarrus County,NC,498
1939,37027,Caldwell County,NC,157
1940,37029,Camden County,NC,3
1941,37031,Carteret County,NC,35
1942,37033,Caswell County,NC,93
1943,37035,Catawba County,NC,229
1944,37037,Chatham County,NC,638
1945,37039,Cherokee County,NC,20
1946,37041,Chowan County,NC,17
1947,37043,Clay County,NC,5
1948,37045,Cleveland County,NC,99
1949,37047,Columbus County,NC,337
1950,37049,Craven County,NC,210
1951,37051,Cumberland County,NC,708
1952,37053,Currituck County,NC,14
1953,37055,Dare County,NC,18
1954,37057,Davidson County,NC,434
1955,37059,Davie County,NC,105
1956,37061,Duplin County,NC,870
1957,37063,Durham County,NC,1706
1958,37065,Edgecombe County,NC,208
1959,37067,Forsyth County,NC,1434
1960,37069,Franklin County,NC,162
1961,37071,Gaston County,NC,288
1962,37073,Gates County,NC,23
1963,37075,Graham County,NC,2
1964,37077,Granville County,NC,309
1965,37079,Greene County,NC,81
1966,37081,Guilford County,NC,1318
1967,37083,Halifax County,NC,183
1968,37085,Harnett County,NC,297
1969,37087,Haywood County,NC,49
1970,37089,Henderson County,NC,351
1971,37091,Hertford County,NC,128
1972,37093,Hoke County,NC,248
1973,37095,Hyde County,NC,1
1974,37097,Iredell County,NC,273
1975,37099,Jackson County,NC,34
1976,37101,Johnston County,NC,471
1977,37103,Jones County,NC,25
1978,37105,Lee County,NC,466
1979,37107,Lenoir County,NC,217
1980,37109,Lincoln County,NC,72
1981,37111,McDowell County,NC,73
1982,37113,Macon County,NC,89
1983,37115,Madison County,NC,3
1984,37117,Martin County,NC,73
1985,37119,Mecklenburg County,NC,4519
1986,37121,Mitchell County,NC,13
1987,37123,Montgomery County,NC,132
1988,37125,Moore County,NC,221
1989,37127,Nash County,NC,210
1990,37129,New Hanover County,NC,203
1991,37131,Northampton County,NC,153
1992,37133,Onslow County,NC,112
1993,37135,Orange County,NC,360
1994,37137,Pamlico County,NC,10
1995,37139,Pasquotank County,NC,110
1996,37141,Pender County,NC,81
1997,37143,Perquimans County,NC,25
1998,37145,Person County,NC,50
1999,37147,Pitt County,NC,316
2000,37149,Polk County,NC,37
2001,37151,Randolph County,NC,678
2002,37153,Richmond County,NC,163
2003,37155,Robeson County,NC,786
2004,37157,Rockingham County,NC,100
2005,37159,Rowan County,NC,675
2006,37161,Rutherford County,NC,185
2007,37163,Sampson County,NC,499
2008,37165,Scotland County,NC,86
2009,37167,Stanly County,NC,85
2010,37169,Stokes County,NC,69
2011,37171,Surry County,NC,224
2012,37173,Swain County,NC,13
2013,37175,Transylvania County,NC,14
2014,37177,Tyrrell County,NC,4
2015,37179,Union County,NC,466
2016,37181,Vance County,NC,322
2017,37183,Wake County,NC,1841
2018,37185,Warren County,NC,64
2019,37187,Washington County,NC,30
2020,37189,Watauga County,NC,27
2021,37191,Wayne County,NC,1179
2022,37193,Wilkes County,NC,500
2023,37195,Wilson County,NC,363
2024,37197,Yadkin County,NC,181
2025,37199,Yancey County,NC,15
2027,38001,Adams County,ND,0
2028,38003,Barnes County,ND,5
2029,38005,Benson County,ND,1
2030,38007,Billings County,ND,0
2031,38009,Bottineau County,ND,2
2032,38011,Bowman County,ND,1
2033,38013,Burke County,ND,5
2034,38015,Burleigh County,ND,130
2035,38017,Cass County,ND,1762
2036,38019,Cavalier County,ND,0
2037,38021,Dickey County,ND,1
2038,38023,Divide County,ND,1
2039,38025,Dunn County,ND,11
2040,38027,Eddy County,ND,4
2041,38029,Emmons County,ND,4
2042,38031,Foster County,ND,1
2043,38033,Golden Valley County,ND,0
2044,38035,Grand Forks County,ND,335
2045,38037,Grant County,ND,2
2046,38039,Griggs County,ND,1
2047,38041,Hettinger County,ND,0
2048,38043,Kidder County,ND,0
2049,38045,LaMoure County,ND,0
2050,38047,Logan County,ND,0
2051,38049,McHenry County,ND,2
2052,38051,McIntosh County,ND,1
2053,38053,McKenzie County,ND,17
2054,38055,McLean County,ND,7
2055,38057,Mercer County,ND,5
2056,38059,Morton County,ND,60
2057,38061,Mountrail County,ND,41
2058,38063,Nelson County,ND,1
2059,38065,Oliver County,ND,1
2060,38067,Pembina County,ND,6
2061,38069,Pierce County,ND,3
2062,38071,Ramsey County,ND,8
2063,38073,Ransom County,ND,9
2064,38075,Renville County,ND,3
2065,38077,Richland County,ND,22
2066,38079,Rolette County,ND,6
2067,38081,Sargent County,ND,3
2068,38083,Sheridan County,ND,0
2069,38085,Sioux County,ND,1
2070,38087,Slope County,ND,3
2071,38089,Stark County,ND,62
2072,38091,Steele County,ND,1
2073,38093,Stutsman County,ND,24
2074,38095,Towner County,ND,0
2075,38097,Traill County,ND,14
2076,38099,Walsh County,ND,14
2077,38101,Ward County,ND,38
2078,38103,Wells County,ND,3
2079,38105,Williams County,ND,25
2081,39001,Adams County,OH,10
2082,39003,Allen County,OH,212
2083,39005,Ashland County,OH,20
2084,39007,Ashtabula County,OH,340
2085,39009,Athens County,OH,18
2086,39011,Auglaize County,OH,75
2087,39013,Belmont County,OH,438
2088,39015,Brown County,OH,28
2089,39017,Butler County,OH,919
2090,39019,Carroll County,OH,31
2091,39021,Champaign County,OH,28
2092,39023,Clark County,OH,298
2093,39025,Clermont County,OH,215
2094,39027,Clinton County,OH,43
2095,39029,Columbiana County,OH,881
2096,39031,Coshocton County,OH,40
2097,39033,Crawford County,OH,116
2098,39035,Cuyahoga County,OH,4581
2099,39037,Darke County,OH,181
2100,39039,Defiance County,OH,34
2101,39041,Delaware County,OH,340
2102,39043,Erie County,OH,178
2103,39045,Fairfield County,OH,301
2104,39047,Fayette County,OH,40
2105,39049,Franklin County,OH,5996
2106,39051,Fulton County,OH,44
2107,39053,Gallia County,OH,8
2108,39055,Geauga County,OH,292
2109,39057,Greene County,OH,102
2110,39059,Guernsey County,OH,36
2111,39061,Hamilton County,OH,2721
2112,39063,Hancock County,OH,51
2113,39065,Hardin County,OH,61
2114,39067,Harrison County,OH,10
2115,39069,Henry County,OH,16
2116,39071,Highland County,OH,26
2117,39073,Hocking County,OH,70
2118,39075,Holmes County,OH,45
2119,39077,Huron County,OH,60
2120,39079,Jackson County,OH,14
2121,39081,Jefferson County,OH,66
2122,39083,Knox County,OH,25
2123,39085,Lake County,OH,309
2124,39087,Lawrence County,OH,30
2125,39089,Licking County,OH,258
2126,39091,Logan County,OH,40
2127,39093,Lorain County,OH,702
2128,39095,Lucas County,OH,2282
2129,39097,Madison County,OH,157
2130,39099,Mahoning County,OH,1456
2131,39101,Marion County,OH,2674
2132,39103,Medina County,OH,356
2133,39105,Meigs County,OH,6
2134,39107,Mercer County,OH,217
2135,39109,Miami County,OH,361
2136,39111,Monroe County,OH,79
2137,39113,Montgomery County,OH,688
2138,39115,Morgan County,OH,5
2139,39117,Morrow County,OH,107
2140,39119,Muskingum County,OH,52
2141,39121,Noble County,OH,6
2142,39123,Ottawa County,OH,102
2143,39125,Paulding County,OH,14
2144,39127,Perry County,OH,19
2145,39129,Pickaway County,OH,2092
2146,39131,Pike County,OH,8
2147,39133,Portage County,OH,329
2148,39135,Preble County,OH,39
2149,39137,Putnam County,OH,93
2150,39139,Richland County,OH,205
2151,39141,Ross County,OH,73
2152,39143,Sandusky County,OH,82
2153,39145,Scioto County,OH,17
2154,39147,Seneca County,OH,21
2155,39149,Shelby County,OH,43
2156,39151,Stark County,OH,743
2157,39153,Summit County,OH,1475
2158,39155,Trumbull County,OH,584
2159,39157,Tuscarawas County,OH,352
2160,39159,Union County,OH,52
2161,39161,Van Wert County,OH,7
2162,39163,Vinton County,OH,20
2163,39165,Warren County,OH,383
2164,39167,Washington County,OH,117
2165,39169,Wayne County,OH,281
2166,39171,Williams County,OH,55
2167,39173,Wood County,OH,300
2168,39175,Wyandot County,OH,44
2170,40001,Adair County,OK,91
2171,40003,Alfalfa County,OK,1
2172,40005,Atoka County,OK,4
2173,40007,Beaver County,OK,24
2174,40009,Beckham County,OK,7
2175,40011,Blaine County,OK,7
2176,40013,Bryan County,OK,31
2177,40015,Caddo County,OK,164
2178,40017,Canadian County,OK,133
2179,40019,Carter County,OK,45
2180,40021,Cherokee County,OK,30
2181,40023,Choctaw County,OK,76
2182,40025,Cimarron County,OK,1
2183,40027,Cleveland County,OK,506
2184,40029,Coal County,OK,3
2185,40031,Comanche County,OK,285
2186,40033,Cotton County,OK,5
2187,40035,Craig County,OK,15
2188,40037,Creek County,OK,96
2189,40039,Custer County,OK,26
2190,40041,Delaware County,OK,100
2191,40043,Dewey County,OK,2
2192,40045,Ellis County,OK,0
2193,40047,Garfield County,OK,27
2194,40049,Garvin County,OK,18
2195,40051,Grady County,OK,99
2196,40053,Grant County,OK,2
2197,40055,Greer County,OK,66
2198,40057,Harmon County,OK,0
2199,40059,Harper County,OK,1
2200,40061,Haskell County,OK,6
2201,40063,Hughes County,OK,3
2202,40065,Jackson County,OK,27
2203,40067,Jefferson County,OK,4
2204,40069,Johnston County,OK,3
2205,40071,Kay County,OK,56
2206,40073,Kingfisher County,OK,11
2207,40075,Kiowa County,OK,6
2208,40077,Latimer County,OK,5
2209,40079,Le Flore County,OK,14
2210,40081,Lincoln County,OK,22
2211,40083,Logan County,OK,19
2212,40085,Love County,OK,16
2213,40087,McClain County,OK,106
2214,40089,McCurtain County,OK,71
2215,40091,McIntosh County,OK,12
2216,40093,Major County,OK,6
2217,40095,Marshall County,OK,8
2218,40097,Mayes County,OK,30
2219,40099,Murray County,OK,4
2220,40101,Muskogee County,OK,49
2221,40103,Noble County,OK,7
2222,40105,Nowata County,OK,23
2223,40107,Okfuskee County,OK,5
2224,40109,Oklahoma County,OK,1294
2225,40111,Okmulgee County,OK,25
2226,40113,Osage County,OK,95
2227,40115,Ottawa County,OK,35
2228,40117,Pawnee County,OK,31
2229,40119,Payne County,OK,46
2230,40121,Pittsburg County,OK,41
2231,40123,Pontotoc County,OK,15
2232,40125,Pottawatomie County,OK,63
2233,40127,Pushmataha County,OK,3
2234,40129,Roger Mills County,OK,0
2235,40131,Rogers County,OK,82
2236,40133,Seminole County,OK,26
2237,40135,Sequoyah County,OK,15
2238,40137,Stephens County,OK,38
2239,40139,Texas County,OK,934
2240,40141,Tillman County,OK,23
2241,40143,Tulsa County,OK,1057
2242,40145,Wagoner County,OK,150
2243,40147,Washington County,OK,327
2244,40149,Washita County,OK,2
2245,40151,Woods County,OK,3
2246,40153,Woodward County,OK,5
2248,41001,Baker County,OR,1
2249,41003,Benton County,OR,56
2250,41005,Clackamas County,OR,317
2251,41007,Clatsop County,OR,45
2252,41009,Columbia County,OR,16
2253,41011,Coos County,OR,31
2254,41013,Crook County,OR,6
2255,41015,Curry County,OR,7
2256,41017,Deschutes County,OR,127
2257,41019,Douglas County,OR,27
2258,41021,Gilliam County,OR,0
2259,41023,Grant County,OR,1
2260,41025,Harney County,OR,1
2261,41027,Hood River County,OR,22
2262,41029,Jackson County,OR,67
2263,41031,Jefferson County,OR,44
2264,41033,Josephine County,OR,23
2265,41035,Klamath County,OR,44
2266,41037,Lake County,OR,2
2267,41039,Lane County,OR,77
2268,41041,Lincoln County,OR,17
2269,41043,Linn County,OR,118
2270,41045,Malheur County,OR,32
2271,41047,Marion County,OR,981
2272,41049,Morrow County,OR,12
2273,41051,Multnomah County,OR,1181
2274,41053,Polk County,OR,100
2275,41055,Sherman County,OR,1
2276,41057,Tillamook County,OR,6
2277,41059,Umatilla County,OR,121
2278,41061,Union County,OR,6
2279,41063,Wallowa County,OR,2
2280,41065,Wasco County,OR,26
2281,41067,Washington County,OR,747
2282,41069,Wheeler County,OR,0
2283,41071,Yamhill County,OR,70
2285,42001,Adams County,PA,255
2286,42003,Allegheny County,PA,1928
2287,42005,Armstrong County,PA,62
2288,42007,Beaver County,PA,591
2289,42009,Bedford County,PA,40
2290,42011,Berks County,PA,4107
2291,42013,Blair County,PA,51
2292,42015,Bradford County,PA,46
2293,42017,Bucks County,PA,5116
2294,42019,Butler County,PA,232
2295,42021,Cambria County,PA,59
2296,42023,Cameron County,PA,2
2297,42025,Carbon County,PA,239
2298,42027,Centre County,PA,154
2299,42029,Chester County,PA,2823
2300,42031,Clarion County,PA,27
2301,42033,Clearfield County,PA,42
2302,42035,Clinton County,PA,60
2303,42037,Columbia County,PA,349
2304,42039,Crawford County,PA,29
2305,42041,Cumberland County,PA,644
2306,42043,Dauphin County,PA,1359
2307,42045,Delaware County,PA,6496
2308,42047,Elk County,PA,6
2309,42049,Erie County,PA,307
2310,42051,Fayette County,PA,95
2311,42053,Forest County,PA,7
2312,42055,Franklin County,PA,781
2313,42057,Fulton County,PA,15
2314,42059,Greene County,PA,27
2315,42061,Huntingdon County,PA,231
2316,42063,Indiana County,PA,91
2317,42065,Jefferson County,PA,12
2318,42067,Juniata County,PA,95
2319,42069,Lackawanna County,PA,1555
2320,42071,Lancaster County,PA,3218
2321,42073,Lawrence County,PA,81
2322,42075,Lebanon County,PA,980
2323,42077,Lehigh County,PA,3780
2324,42079,Luzerne County,PA,2750
2325,42081,Lycoming County,PA,164
2326,42083,McKean County,PA,12
2327,42085,Mercer County,PA,107
2328,42087,Mifflin County,PA,59
2329,42089,Monroe County,PA,1325
2330,42091,Montgomery County,PA,7172
2331,42093,Montour County,PA,53
2332,42095,Northampton County,PA,3108
2333,42097,Northumberland County,PA,198
2334,42099,Perry County,PA,62
2335,42101,Philadelphia County,PA,18703
2336,42103,Pike County,PA,478
2337,42105,Potter County,PA,4
2338,42107,Schuylkill County,PA,643
2339,42109,Snyder County,PA,45
2340,42111,Somerset County,PA,38
2341,42113,Sullivan County,PA,3
2342,42115,Susquehanna County,PA,110
2343,42117,Tioga County,PA,19
2344,42119,Union County,PA,60
2345,42121,Venango County,PA,9
2346,42123,Warren County,PA,3
2347,42125,Washington County,PA,140
2348,42127,Wayne County,PA,120
2349,42129,Westmoreland County,PA,451
2350,42131,Wyoming County,PA,34
2351,42133,York County,PA,1028
2353,44001,Bristol County,RI,224
2354,44003,Kent County,RI,1052
2355,44005,Newport County,RI,244
2356,44007,Providence County,RI,11052
2357,44009,Washington County,RI,499
2359,45001,Abbeville County,SC,46
2360,45003,Aiken County,SC,207
2361,45005,Allendale County,SC,38
2362,45007,Anderson County,SC,244
2363,45009,Bamberg County,SC,23
2364,45011,Barnwell County,SC,48
2365,45013,Beaufort County,SC,398
2366,45015,Berkeley County,SC,242
2367,45017,Calhoun County,SC,15
2368,45019,Charleston County,SC,646
2369,45021,Cherokee County,SC,43
2370,45023,Chester County,SC,87
2371,45025,Chesterfield County,SC,203
2372,45027,Clarendon County,SC,301
2373,45029,Colleton County,SC,114
2374,45031,Darlington County,SC,308
2375,45033,Dillon County,SC,170
2376,45035,Dorchester County,SC,165
2377,45037,Edgefield County,SC,51
2378,45039,Fairfield County,SC,181
2379,45041,Florence County,SC,678
2380,45043,Georgetown County,SC,78
2381,45045,Greenville County,SC,1751
2382,45047,Greenwood County,SC,148
2383,45049,Hampton County,SC,38
2384,45051,Horry County,SC,472
2385,45053,Jasper County,SC,43
2386,45055,Kershaw County,SC,339
2387,45057,Lancaster County,SC,166
2388,45059,Laurens County,SC,69
2389,45061,Lee County,SC,221
2390,45063,Lexington County,SC,677
2391,45065,McCormick County,SC,9
2392,45067,Marion County,SC,72
2393,45069,Marlboro County,SC,183
2394,45071,Newberry County,SC,63
2395,45073,Oconee County,SC,54
2396,45075,Orangeburg County,SC,210
2397,45077,Pickens County,SC,174
2398,45079,Richland County,SC,1542
2399,45081,Saluda County,SC,148
2400,45083,Spartanburg County,SC,645
2401,45085,Sumter County,SC,396
2402,45087,Union County,SC,40
2403,45089,Williamsburg County,SC,245
2404,45091,York County,SC,421
2406,46003,Aurora County,SD,26
2407,46005,Beadle County,SD,276
2408,46007,Bennett County,SD,0
2409,46009,Bon Homme County,SD,8
2410,46011,Brookings County,SD,17
2411,46013,Brown County,SD,281
2412,46015,Brule County,SD,0
2413,46017,Buffalo County,SD,21
2414,46019,Butte County,SD,0
2415,46021,Campbell County,SD,0
2416,46023,Charles Mix County,SD,18
2417,46025,Clark County,SD,4
2418,46027,Clay County,SD,15
2419,46029,Codington County,SD,37
2420,46031,Corson County,SD,4
2421,46033,Custer County,SD,0
2422,46035,Davison County,SD,16
2423,46037,Day County,SD,13
2424,46039,Deuel County,SD,1
2425,46041,Dewey County,SD,0
2426,46043,Douglas County,SD,3
2427,46045,Edmunds County,SD,1
2428,46047,Fall River County,SD,5
2429,46049,Faulk County,SD,1
2430,46051,Grant County,SD,13
2431,46053,Gregory County,SD,1
2432,46055,Haakon County,SD,0
2433,46057,Hamlin County,SD,4
2434,46059,Hand County,SD,2
2435,46061,Hanson County,SD,0
2436,46063,Harding County,SD,0
2437,46065,Hughes County,SD,19
2438,46067,Hutchinson County,SD,6
2439,46069,Hyde County,SD,1
2440,46071,Jackson County,SD,4
2441,46073,Jerauld County,SD,35
2442,46075,Jones County,SD,0
2443,46077,Kingsbury County,SD,2
2444,46079,Lake County,SD,8
2445,46081,Lawrence County,SD,11
2446,46083,Lincoln County,SD,239
2447,46085,Lyman County,SD,14
2448,46087,McCook County,SD,4
2449,46089,McPherson County,SD,1
2450,46091,Marshall County,SD,2
2451,46093,Meade County,SD,22
2452,46095,Mellette County,SD,0
2453,46097,Miner County,SD,2
2454,46099,Minnehaha County,SD,3362
2455,46101,Moody County,SD,19
2456,46102,Oglala Lakota County,SD,31
2457,46103,Pennington County,SD,241
2458,46105,Perkins County,SD,0
2459,46107,Potter County,SD,0
2460,46109,Roberts County,SD,36
2461,46111,Sanborn County,SD,12
2462,46115,Spink County,SD,5
2463,46117,Stanley County,SD,10
2464,46119,Sully County,SD,1
2465,46121,Todd County,SD,28
2466,46123,Tripp County,SD,6
2467,46125,Turner County,SD,24
2468,46127,Union County,SD,91
2469,46129,Walworth County,SD,5
2470,46135,Yankton County,SD,51
2471,46137,Ziebach County,SD,1
2473,47001,Anderson County,TN,41
2474,47003,Bedford County,TN,295
2475,47005,Benton County,TN,7
2476,47007,Bledsoe County,TN,609
2477,47009,Blount County,TN,93
2478,47011,Bradley County,TN,157
2479,47013,Campbell County,TN,18
2480,47015,Cannon County,TN,23
2481,47017,Carroll County,TN,28
2482,47019,Carter County,TN,19
2483,47021,Cheatham County,TN,134
2484,47023,Chester County,TN,12
2485,47025,Claiborne County,TN,12
2486,47027,Clay County,TN,8
2487,47029,Cocke County,TN,21
2488,47031,Coffee County,TN,73
2489,47033,Crockett County,TN,16
2490,47035,Cumberland County,TN,118
2491,47037,Davidson County,TN,5323
2492,47039,Decatur County,TN,5
2493,47041,DeKalb County,TN,38
2494,47043,Dickson County,TN,116
2495,47045,Dyer County,TN,55
2496,47047,Fayette County,TN,121
2497,47049,Fentress County,TN,12
2498,47051,Franklin County,TN,54
2499,47053,Gibson County,TN,62
2500,47055,Giles County,TN,12
2501,47057,Grainger County,TN,11
2502,47059,Greene County,TN,52
2503,47061,Grundy County,TN,31
2504,47063,Hamblen County,TN,42
2505,47065,Hamilton County,TN,910
2506,47067,Hancock County,TN,1
2507,47069,Hardeman County,TN,201
2508,47071,Hardin County,TN,18
2509,47073,Hawkins County,TN,34
2510,47075,Haywood County,TN,32
2511,47077,Henderson County,TN,15
2512,47079,Henry County,TN,31
2513,47081,Hickman County,TN,58
2514,47083,Houston County,TN,7
2515,47085,Humphreys County,TN,15
2516,47087,Jackson County,TN,19
2517,47089,Jefferson County,TN,28
2518,47091,Johnson County,TN,16
2519,47093,Knox County,TN,410
2520,47095,Lake County,TN,688
2521,47097,Lauderdale County,TN,59
2522,47099,Lawrence County,TN,32
2523,47101,Lewis County,TN,3
2524,47103,Lincoln County,TN,28
2525,47105,Loudon County,TN,154
2526,47107,McMinn County,TN,143
2527,47109,McNairy County,TN,15
2528,47111,Macon County,TN,157
2529,47113,Madison County,TN,173
2530,47115,Marion County,TN,42
2531,47117,Marshall County,TN,32
2532,47119,Maury County,TN,102
2533,47121,Meigs County,TN,27
2534,47123,Monroe County,TN,66
2535,47125,Montgomery County,TN,277
2536,47127,Moore County,TN,4
2537,47129,Morgan County,TN,17
2538,47131,Obion County,TN,40
2539,47133,Overton County,TN,32
2540,47135,Perry County,TN,23
2541,47137,Pickett County,TN,3
2542,47139,Polk County,TN,18
2543,47141,Putnam County,TN,507
2544,47143,Rhea County,TN,214
2545,47145,Roane County,TN,16
2546,47147,Robertson County,TN,511
2547,47149,Rutherford County,TN,1278
2548,47151,Scott County,TN,12
2549,47153,Sequatchie County,TN,19
2550,47155,Sevier County,TN,90
2551,47157,Shelby County,TN,5313
2552,47159,Smith County,TN,36
2553,47161,Stewart County,TN,13
2554,47163,Sullivan County,TN,60
2555,47165,Sumner County,TN,913
2556,47167,Tipton County,TN,455
2557,47169,Trousdale County,TN,1394
2558,47171,Unicoi County,TN,41
2559,47173,Union County,TN,4
2560,47175,Van Buren County,TN,4
2561,47177,Warren County,TN,26
2562,47179,Washington County,TN,75
2563,47181,Wayne County,TN,64
2564,47183,Weakley County,TN,26
2565,47185,White County,TN,33
2566,47187,Williamson County,TN,567
2567,47189,Wilson County,TN,430
2569,48001,Anderson County,TX,76
2570,48003,Andrews County,TX,27
2571,48005,Angelina County,TX,215
2572,48007,Aransas County,TX,5
2573,48009,Archer County,TX,1
2574,48011,Armstrong County,TX,2
2575,48013,Atascosa County,TX,37
2576,48015,Austin County,TX,27
2577,48017,Bailey County,TX,17
2578,48019,Bandera County,TX,6
2579,48021,Bastrop County,TX,220
2580,48023,Baylor County,TX,0
2581,48025,Bee County,TX,10
2582,48027,Bell County,TX,391
2583,48029,Bexar County,TX,2839
2584,48031,Blanco County,TX,11
2585,48033,Borden County,TX,0
2586,48035,Bosque County,TX,7
2587,48037,Bowie County,TX,270
2588,48039,Brazoria County,TX,929
2589,48041,Brazos County,TX,487
2590,48043,Brewster County,TX,1
2591,48045,Briscoe County,TX,1
2592,48047,Brooks County,TX,1
2593,48049,Brown County,TX,59
2594,48051,Burleson County,TX,25
2595,48053,Burnet County,TX,39
2596,48055,Caldwell County,TX,67
2597,48057,Calhoun County,TX,37
2598,48059,Callahan County,TX,9
2599,48061,Cameron County,TX,776
2600,48063,Camp County,TX,84
2601,48065,Carson County,TX,6
2602,48067,Cass County,TX,30
2603,48069,Castro County,TX,33
2604,48071,Chambers County,TX,68
2605,48073,Cherokee County,TX,46
2606,48075,Childress County,TX,2
2607,48077,Clay County,TX,4
2608,48079,Cochran County,TX,1
2609,48081,Coke County,TX,1
2610,48083,Coleman County,TX,3
2611,48085,Collin County,TX,1312
2612,48087,Collingsworth County,TX,5
2613,48089,Colorado County,TX,23
2614,48091,Comal County,TX,100
2615,48093,Comanche County,TX,12
2616,48095,Concho County,TX,1
2617,48097,Cooke County,TX,16
2618,48099,Coryell County,TX,285
2619,48101,Cottle County,TX,4
2620,48103,Crane County,TX,25
2621,48105,Crockett County,TX,0
2622,48107,Crosby County,TX,3
2623,48109,Culberson County,TX,0
2624,48111,Dallam County,TX,26
2625,48113,Dallas County,TX,10462
2626,48115,Dawson County,TX,42
2627,48117,Deaf Smith County,TX,163
2628,48119,Delta County,TX,1
2629,48121,Denton County,TX,1398
2630,48123,DeWitt County,TX,17
2631,48125,Dickens County,TX,1
2632,48127,Dimmit County,TX,1
2633,48129,Donley County,TX,26
2634,48131,Duval County,TX,5
2635,48133,Eastland County,TX,6
2636,48135,Ector County,TX,161
2637,48137,Edwards County,TX,0
2638,48139,Ellis County,TX,325
2639,48141,El Paso County,TX,2833
2640,48143,Erath County,TX,17
2641,48145,Falls County,TX,9
2642,48147,Fannin County,TX,40
2643,48149,Fayette County,TX,34
2644,48151,Fisher County,TX,2
2645,48153,Floyd County,TX,11
2646,48155,Foard County,TX,0
2647,48157,Fort Bend County,TX,1881
2648,48159,Franklin County,TX,16
2649,48161,Freestone County,TX,10
2650,48163,Frio County,TX,37
2651,48165,Gaines County,TX,7
2652,48167,Galveston County,TX,847
2653,48169,Garza County,TX,5
2654,48171,Gillespie County,TX,5
2655,48173,Glasscock County,TX,1
2656,48175,Goliad County,TX,7
2657,48177,Gonzales County,TX,132
2658,48179,Gray County,TX,100
2659,48181,Grayson County,TX,342
2660,48183,Gregg County,TX,236
2661,48185,Grimes County,TX,218
2662,48187,Guadalupe County,TX,133
2663,48189,Hale County,TX,58
2664,48191,Hall County,TX,2
2665,48193,Hamilton County,TX,8
2666,48195,Hansford County,TX,19
2667,48197,Hardeman County,TX,1
2668,48199,Hardin County,TX,138
2669,48201,Harris County,TX,12664
2670,48203,Harrison County,TX,247
2671,48205,Hartley County,TX,12
2672,48207,Haskell County,TX,3
2673,48209,Hays County,TX,353
2674,48211,Hemphill County,TX,1
2675,48213,Henderson County,TX,59
2676,48215,Hidalgo County,TX,584
2677,48217,Hill County,TX,24
2678,48219,Hockley County,TX,27
2679,48221,Hood County,TX,27
2680,48223,Hopkins County,TX,26
2681,48225,Houston County,TX,114
2682,48227,Howard County,TX,9
2683,48229,Hudspeth County,TX,2
2684,48231,Hunt County,TX,89
2685,48233,Hutchinson County,TX,42
2686,48235,Irion County,TX,1
2687,48237,Jack County,TX,4
2688,48239,Jackson County,TX,19
2689,48241,Jasper County,TX,29
2690,48243,Jeff Davis County,TX,0
2691,48245,Jefferson County,TX,562
2692,48247,Jim Hogg County,TX,4
2693,48249,Jim Wells County,TX,9
2694,48251,Johnson County,TX,176
2695,48253,Jones County,TX,560
2696,48255,Karnes County,TX,4
2697,48257,Kaufman County,TX,227
2698,48259,Kendall County,TX,30
2699,48261,Kenedy County,TX,0
2700,48263,Kent County,TX,0
2701,48265,Kerr County,TX,20
2702,48267,Kimble County,TX,1
2703,48269,King County,TX,0
2704,48271,Kinney County,TX,1
2705,48273,Kleberg County,TX,17
2706,48275,Knox County,TX,1
2707,48277,Lamar County,TX,145
2708,48279,Lamb County,TX,16
2709,48281,Lampasas County,TX,9
2710,48283,La Salle County,TX,4
2711,48285,Lavaca County,TX,13
2712,48287,Lee County,TX,24
2713,48289,Leon County,TX,10
2714,48291,Liberty County,TX,95
2715,48293,Limestone County,TX,26
2716,48295,Lipscomb County,TX,2
2717,48297,Live Oak County,TX,9
2718,48299,Llano County,TX,3
2719,48301,Loving County,TX,0
2720,48303,Lubbock County,TX,704
2721,48305,Lynn County,TX,7
2722,48307,McCulloch County,TX,3
2723,48309,McLennan County,TX,120
2724,48311,McMullen County,TX,0
2725,48313,Madison County,TX,8
2726,48315,Marion County,TX,16
2727,48317,Martin County,TX,3
2728,48319,Mason County,TX,32
2729,48321,Matagorda County,TX,67
2730,48323,Maverick County,TX,120
2731,48325,Medina County,TX,73
2732,48327,Menard County,TX,0
2733,48329,Midland County,TX,132
2734,48331,Milam County,TX,29
2735,48333,Mills County,TX,1
2736,48335,Mitchell County,TX,1
2737,48337,Montague County,TX,9
2738,48339,Montgomery County,TX,966
2739,48341,Moore County,TX,838
2740,48343,Morris County,TX,25
2741,48345,Motley County,TX,1
2742,48347,Nacogdoches County,TX,290
2743,48349,Navarro County,TX,57
2744,48351,Newton County,TX,5
2745,48353,Nolan County,TX,2
2746,48355,Nueces County,TX,275
2747,48357,Ochiltree County,TX,49
2748,48359,Oldham County,TX,4
2749,48361,Orange County,TX,98
2750,48363,Palo Pinto County,TX,13
2751,48365,Panola County,TX,180
2752,48367,Parker County,TX,79
2753,48369,Parmer County,TX,59
2754,48371,Pecos County,TX,102
2755,48373,Polk County,TX,60
2756,48375,Potter County,TX,2354
2757,48377,Presidio County,TX,1
2758,48379,Rains County,TX,3
2759,48381,Randall County,TX,688
2760,48383,Reagan County,TX,2
2761,48385,Real County,TX,0
2762,48387,Red River County,TX,72
2763,48389,Reeves County,TX,7
2764,48391,Refugio County,TX,3
2765,48393,Roberts County,TX,2
2766,48395,Robertson County,TX,11
2767,48397,Rockwall County,TX,171
2768,48399,Runnels County,TX,2
2769,48401,Rusk County,TX,56
2770,48403,Sabine County,TX,15
2771,48405,San Augustine County,TX,44
2772,48407,San Jacinto County,TX,14
2773,48409,San Patricio County,TX,36
2774,48411,San Saba County,TX,1
2775,48413,Schleicher County,TX,0
2776,48415,Scurry County,TX,25
2777,48417,Shackelford County,TX,1
2778,48419,Shelby County,TX,203
2779,48421,Sherman County,TX,27
2780,48423,Smith County,TX,210
2781,48425,Somervell County,TX,0
2782,48427,Starr County,TX,36
2783,48429,Stephens County,TX,4
2784,48431,Sterling County,TX,0
2785,48433,Stonewall County,TX,0
2786,48435,Sutton County,TX,0
2787,48437,Swisher County,TX,17
2788,48439,Tarrant County,TX,5534
2789,48441,Taylor County,TX,241
2790,48443,Terrell County,TX,0
2791,48445,Terry County,TX,13
2792,48447,Throckmorton County,TX,0
2793,48449,Titus County,TX,467
2794,48451,Tom Green County,TX,69
2795,48453,Travis County,TX,3360
2796,48455,Trinity County,TX,15
2797,48457,Tyler County,TX,12
2798,48459,Upshur County,TX,27
2799,48461,Upton County,TX,0
2800,48463,Uvalde County,TX,14
2801,48465,Val Verde County,TX,21
2802,48467,Van Zandt County,TX,34
2803,48469,Victoria County,TX,160
2804,48471,Walker County,TX,1574
2805,48473,Waller County,TX,63
2806,48475,Ward County,TX,1
2807,48477,Washington County,TX,204
2808,48479,Webb County,TX,551
2809,48481,Wharton County,TX,64
2810,48483,Wheeler County,TX,15
2811,48485,Wichita County,TX,85
2812,48487,Wilbarger County,TX,7
2813,48489,Willacy County,TX,21
2814,48491,Williamson County,TX,630
2815,48493,Wilson County,TX,40
2816,48495,Winkler County,TX,3
2817,48497,Wise County,TX,47
2818,48499,Wood County,TX,33
2819,48501,Yoakum County,TX,3
2820,48503,Young County,TX,4
2821,48505,Zapata County,TX,10
2822,48507,Zavala County,TX,12
2824,49001,Beaver County,UT,0
2825,49003,Box Elder County,UT,29
2826,49005,Cache County,UT,268
2827,49007,Carbon County,UT,11
2828,49009,Daggett County,UT,0
2829,49011,Davis County,UT,472
2830,49013,Duchesne County,UT,9
2831,49015,Emery County,UT,7
2832,49017,Garfield County,UT,3
2833,49019,Grand County,UT,12
2834,49021,Iron County,UT,82
2835,49023,Juab County,UT,10
2836,49025,Kane County,UT,3
2837,49027,Millard County,UT,6
2838,49029,Morgan County,UT,12
2839,49031,Piute County,UT,2
2840,49033,Rich County,UT,0
2841,49035,Salt Lake County,UT,5449
2842,49037,San Juan County,UT,308
2843,49039,Sanpete County,UT,12
2844,49041,Sevier County,UT,9
2845,49043,Summit County,UT,417
2846,49045,Tooele County,UT,132
2847,49047,Uintah County,UT,10
2848,49049,Utah County,UT,1991
2849,49051,Wasatch County,UT,294
2850,49053,Washington County,UT,388
2851,49055,Wayne County,UT,0
2852,49057,Weber County,UT,296
2854,50001,Addison County,VT,64
2855,50003,Bennington County,VT,64
2856,50005,Caledonia County,VT,15
2857,50007,Chittenden County,VT,457
2858,50009,Essex County,VT,3
2859,50011,Franklin County,VT,99
2860,50013,Grand Isle County,VT,7
2861,50015,Lamoille County,VT,29
2862,50017,Orange County,VT,9
2863,50019,Orleans County,VT,10
2864,50021,Rutland County,VT,55
2865,50023,Washington County,VT,39
2866,50025,Windham County,VT,81
2867,50027,Windsor County,VT,51
2869,51001,Accomack County,VA,939
2870,51003,Albemarle County,VA,200
2871,51005,Alleghany County,VA,24
2872,51007,Amelia County,VA,26
2873,51009,Amherst County,VA,27
2874,51011,Appomattox County,VA,31
2875,51013,Arlington County,VA,2133
2876,51015,Augusta County,VA,115
2877,51017,Bath County,VA,0
2878,51019,Bedford County,VA,62
2879,51021,Bland County,VA,0
2880,51023,Botetourt County,VA,34
2881,51025,Brunswick County,VA,28
2882,51027,Buchanan County,VA,18
2883,51029,Buckingham County,VA,465
2884,51031,Campbell County,VA,18
2885,51033,Caroline County,VA,76
2886,51035,Carroll County,VA,100
2887,51036,Charles City County,VA,27
2888,51037,Charlotte County,VA,25
2889,51041,Chesterfield County,VA,1627
2890,51043,Clarke County,VA,28
2891,51045,Craig County,VA,5
2892,51047,Culpeper County,VA,720
2893,51049,Cumberland County,VA,38
2894,51051,Dickenson County,VA,0
2895,51053,Dinwiddie County,VA,83
2896,51057,Essex County,VA,48
2897,51059,Fairfax County,VA,11426
2898,51061,Fauquier County,VA,326
2899,51063,Floyd County,VA,6
2900,51065,Fluvanna County,VA,92
2901,51067,Franklin County,VA,36
2902,51069,Frederick County,VA,371
2903,51071,Giles County,VA,5
2904,51073,Gloucester County,VA,31
2905,51075,Goochland County,VA,101
2906,51077,Grayson County,VA,40
2907,51079,Greene County,VA,34
2908,51081,Greensville County,VA,100
2909,51083,Halifax County,VA,30
2910,51085,Hanover County,VA,331
2911,51087,Henrico County,VA,1919
2912,51089,Henry County,VA,136
2913,51091,Highland County,VA,2
2914,51093,Isle of Wight County,VA,132
2915,51095,James City County,VA,210
2916,51097,King and Queen County,VA,13
2917,51099,King George County,VA,70
2918,51101,King William County,VA,31
2919,51103,Lancaster County,VA,10
2920,51105,Lee County,VA,9
2921,51107,Loudoun County,VA,2636
2922,51109,Louisa County,VA,81
2923,51111,Lunenburg County,VA,15
2924,51113,Madison County,VA,41
2925,51115,Matthews County,VA,5
2926,51117,Mecklenburg County,VA,218
2927,51119,Middlesex County,VA,14
2928,51121,Montgomery County,VA,80
2929,51125,Nelson County,VA,17
2930,51127,New Kent County,VA,38
2931,51131,Northampton County,VA,243
2932,51133,Northumberland County,VA,25
2933,51135,Nottoway County,VA,39
2934,51137,Orange County,VA,110
2935,51139,Page County,VA,230
2936,51141,Patrick County,VA,19
2937,51143,Pittsylvania County,VA,45
2938,51145,Powhatan County,VA,36
2939,51147,Prince Edward County,VA,143
2940,51149,Prince George County,VA,135
2941,51153,Prince William County,VA,5724
2942,51155,Pulaski County,VA,20
2943,51157,Rappahannock County,VA,14
2944,51159,Richmond County,VA,287
2945,51161,Roanoke County,VA,110
2946,51163,Rockbridge County,VA,18
2947,51165,Rockingham County,VA,545
2948,51167,Russell County,VA,8
2949,51169,Scott County,VA,7
2950,51171,Shenandoah County,VA,465
2951,51173,Smyth County,VA,15
2952,51175,Southampton County,VA,149
2953,51177,Spotsylvania County,VA,586
2954,51179,Stafford County,VA,733
2955,51181,Surry County,VA,10
2956,51183,Sussex County,VA,161
2957,51185,Tazewell County,VA,9
2958,51187,Warren County,VA,166
2959,51191,Washington County,VA,52
2960,51193,Westmoreland County,VA,70
2961,51195,Wise County,VA,25
2962,51197,Wythe County,VA,23
2963,51199,York County,VA,77
2964,51510,Alexandria City,VA,2000
2965,51520,Bristol city,VA,4
2966,51530,Buena Vista city,VA,12
2967,51540,Charlottesville City,VA,128
2968,51550,Chesapeake City,VA,541
2969,51570,Colonial Heights city,VA,96
2970,51580,Covington city,VA,3
2971,51590,Danville City,VA,57
2972,51595,Emporia city,VA,82
2973,51600,Fairfax city,VA,67
2974,51610,Falls Church city,VA,52
2975,51620,Franklin city,VA,42
2976,51630,Fredericksburg City,VA,172
2977,51640,Galax city,VA,127
2978,51650,Hampton city,VA,212
2979,51660,Harrisonburg City,VA,799
2980,51670,Hopewell city,VA,96
2981,51678,Lexington city,VA,7
2982,51680,Lynchburg city,VA,80
2983,51683,Manassas City,VA,1135
2984,51685,Manassas Park city,VA,327
2985,51690,Martinsville city,VA,37
2986,51700,Newport News City,VA,291
2987,51710,Norfolk City,VA,530
2988,51720,Norton city,VA,2
2989,51730,Petersburg city,VA,141
2990,51735,Poquoson city,VA,8
2991,51740,Portsmouth City,VA,322
2992,51750,Radford city,VA,6
2993,51760,Richmond City,VA,1434
2994,51770,Roanoke city,VA,171
2995,51775,Salem city,VA,34
2996,51790,Staunton city,VA,49
2997,51800,Suffolk City,VA,317
2998,51810,Virginia Beach City,VA,752
2999,51820,Waynesboro city,VA,47
3000,51830,Williamsburg City,VA,44
3001,51840,Winchester city,VA,196
3003,53001,Adams County,WA,63
3004,53003,Asotin County,WA,19
3005,53005,Benton County,WA,823
3006,53007,Chelan County,WA,250
3007,53009,Clallam County,WA,25
3008,53011,Clark County,WA,546
3009,53013,Columbia County,WA,1
3010,53015,Cowlitz County,WA,74
3011,53017,Douglas County,WA,172
3012,53019,Ferry County,WA,1
3013,53021,Franklin County,WA,610
3014,53023,Garfield County,WA,0
3015,53025,Grant County,WA,208
3016,53027,Grays Harbor County,WA,17
3017,53029,Island County,WA,181
3018,53031,Jefferson County,WA,31
3019,53033,King County,WA,8177
3020,53035,Kitsap County,WA,162
3021,53037,Kittitas County,WA,88
3022,53039,Klickitat County,WA,28
3023,53041,Lewis County,WA,37
3024,53043,Lincoln County,WA,2
3025,53045,Mason County,WA,36
3026,53047,Okanogan County,WA,50
3027,53049,Pacific County,WA,9
3028,53051,Pend Oreille County,WA,3
3029,53053,Pierce County,WA,1950
3030,53055,San Juan County,WA,14
3031,53057,Skagit County,WA,438
3032,53059,Skamania County,WA,3
3033,53061,Snohomish County,WA,2987
3034,53063,Spokane County,WA,612
3035,53065,Stevens County,WA,11
3036,53067,Thurston County,WA,152
3037,53069,Wahkiakum County,WA,4
3038,53071,Walla Walla County,WA,110
3039,53073,Whatcom County,WA,401
3040,53075,Whitman County,WA,16
3041,53077,Yakima County,WA,3817
3043,54001,Barbour County,WV,8
3044,54003,Berkeley County,WV,314
3045,54005,Boone County,WV,9
3046,54007,Braxton County,WV,2
3047,54009,Brooke County,WV,5
3048,54011,Cabell County,WV,67
3049,54013,Calhoun County,WV,2
3050,54015,Clay County,WV,5
3051,54017,Doddridge County,WV,0
3052,54019,Fayette County,WV,50
3053,54021,Gilmer County,WV,10
3054,54023,Grant County,WV,12
3055,54025,Greenbrier County,WV,9
3056,54027,Hampshire County,WV,31
3057,54029,Hancock County,WV,19
3058,54031,Hardy County,WV,39
3059,54033,Harrison County,WV,40
3060,54035,Jackson County,WV,137
3061,54037,Jefferson County,WV,192
3062,54039,Kanawha County,WV,229
3063,54041,Lewis County,WV,8
3064,54043,Lincoln County,WV,5
3065,54045,Logan County,WV,17
3066,54047,McDowell County,WV,6
3067,54049,Marion County,WV,51
3068,54051,Marshall County,WV,30
3069,54053,Mason County,WV,15
3070,54055,Mercer County,WV,13
3071,54057,Mineral County,WV,47
3072,54059,Mingo County,WV,7
3073,54061,Monongalia County,WV,134
3074,54063,Monroe County,WV,7
3075,54065,Morgan County,WV,19
3076,54067,Nicholas County,WV,7
3077,54069,Ohio County,WV,42
3078,54071,Pendleton County,WV,13
3079,54073,Pleasants County,WV,4
3080,54075,Pocahontas County,WV,21
3081,54077,Preston County,WV,24
3082,54079,Putnam County,WV,35
3083,54081,Raleigh County,WV,16
3084,54083,Randolph County,WV,131
3085,54085,Ritchie County,WV,1
3086,54087,Roane County,WV,9
3087,54089,Summers County,WV,1
3088,54091,Taylor County,WV,9
3089,54093,Tucker County,WV,4
3090,54095,Tyler County,WV,3
3091,54097,Upshur County,WV,7
3092,54099,Wayne County,WV,102
3093,54101,Webster County,WV,0
3094,54103,Wetzel County,WV,9
3095,54105,Wirt County,WV,4
3096,54107,Wood County,WV,53
3097,54109,Wyoming County,WV,2
3099,55001,Adams County,WI,4
3100,55003,Ashland County,WI,2
3101,55005,Barron County,WI,20
3102,55007,Bayfield County,WI,3
3103,55009,Brown County,WI,2334
3104,55011,Buffalo County,WI,6
3105,55013,Burnett County,WI,1
3106,55015,Calumet County,WI,78
3107,55017,Chippewa County,WI,57
3108,55019,Clark County,WI,33
3109,55021,Columbia County,WI,44
3110,55023,Crawford County,WI,26
3111,55025,Dane County,WI,759
3112,55027,Dodge County,WI,226
3113,55029,Door County,WI,38
3114,55031,Douglas County,WI,19
3115,55033,Dunn County,WI,24
3116,55035,Eau Claire County,WI,114
3117,55037,Florence County,WI,2
3118,55039,Fond du Lac County,WI,215
3119,55041,Forest County,WI,28
3120,55043,Grant County,WI,96
3121,55045,Green County,WI,68
3122,55047,Green Lake County,WI,20
3123,55049,Iowa County,WI,16
3124,55051,Iron County,WI,2
3125,55053,Jackson County,WI,17
3126,55055,Jefferson County,WI,110
3127,55057,Juneau County,WI,22
3128,55059,Kenosha County,WI,1201
3129,55061,Kewaunee County,WI,35
3130,55063,La Crosse County,WI,55
3131,55065,Lafayette County,WI,27
3132,55067,Langlade County,WI,3
3133,55069,Lincoln County,WI,7
3134,55071,Manitowoc County,WI,36
3135,55073,Marathon County,WI,52
3136,55075,Marinette County,WI,32
3137,55077,Marquette County,WI,4
3138,55078,Menominee County,WI,3
3139,55079,Milwaukee County,WI,8004
3140,55081,Monroe County,WI,18
3141,55083,Oconto County,WI,38
3142,55085,Oneida County,WI,9
3143,55087,Outagamie County,WI,232
3144,55089,Ozaukee County,WI,165
3145,55091,Pepin County,WI,1
3146,55093,Pierce County,WI,47
3147,55095,Polk County,WI,22
3148,55097,Portage County,WI,14
3149,55099,Price County,WI,2
3150,55101,Racine County,WI,1762
3151,55103,Richland County,WI,14
3152,55105,Rock County,WI,646
3153,55107,Rusk County,WI,5
3154,55109,St. Croix County,WI,95
3155,55111,Sauk County,WI,79
3156,55113,Sawyer County,WI,8
3157,55115,Shawano County,WI,50
3158,55117,Sheboygan County,WI,95
3159,55119,Taylor County,WI,2
3160,55121,Trempealeau County,WI,26
3161,55123,Vernon County,WI,21
3162,55125,Vilas County,WI,8
3163,55127,Walworth County,WI,398
3164,55129,Washburn County,WI,2
3165,55131,Washington County,WI,260
3166,55133,Waukesha County,WI,722
3167,55135,Waupaca County,WI,45
3168,55137,Waushara County,WI,8
3169,55139,Winnebago County,WI,270
3170,55141,Wood County,WI,10
3172,56001,Albany County,WY,25
3173,56003,Big Horn County,WY,6
3174,56005,Campbell County,WY,31
3175,56007,Carbon County,WY,16
3176,56009,Converse County,WY,24
3177,56011,Crook County,WY,5
3178,56013,Fremont County,WY,283
3179,56015,Goshen County,WY,5
3180,56017,Hot Springs County,WY,12
3181,56019,Johnson County,WY,18
3182,56021,Laramie County,WY,188
3183,56023,Lincoln County,WY,15
3184,56025,Natrona County,WY,79
3185,56027,Niobrara County,WY,2
3186,56029,Park County,WY,2
3187,56031,Platte County,WY,1
3188,56033,Sheridan County,WY,16
3189,56035,Sublette County,WY,3
3190,56037,Sweetwater County,WY,30
3191,56039,Teton County,WY,100
3192,56041,Uinta County,WY,13
3193,56043,Washakie County,WY,37
3194,56045,Weston County,WY,1
