id,rate
01001,3.9
01003,4.1
01005,5.8
01007,4.4
01009,4.0
01011,4.9
01013,5.5
01015,5.0
01017,4.1
01019,4.1
01021,4.1
01023,6.3
01025,8.5
01027,4.3
01029,4.5
01031,4.4
01033,5.2
01035,6.1
01037,4.7
01039,5.2
01041,4.5
01043,3.8
01045,4.5
01047,7.5
01049,4.5
01051,3.7
01053,5.0
01055,4.6
01057,4.7
01059,4.3
01061,4.3
01063,7.6
01065,6.0
01067,4.9
01069,4.4
01071,4.8
01073,4.3
01075,4.2
01077,4.7
01079,5.0
01081,4.0
01083,4.0
01085,8.3
01087,5.8
01089,3.9
01091,5.6
01093,4.8
01095,3.9
01097,5.2
01099,6.7
01101,4.4
01103,4.1
01105,7.8
01107,5.4
01109,4.9
01111,4.4
01113,4.3
01115,4.0
01117,3.2
01119,6.6
01121,5.0
01123,4.2
01125,4.2
01127,5.1
01129,6.8
01131,11.5
01133,5.1
02013,2.5
02016,3.7
02020,5.8
02050,13.5
02060,6.2
02068,9.0
02070,8.9
02090,6.1
02100,8.9
02105,12.3
02110,4.6
02122,8.3
02130,6.1
02150,5.0
02158,19.6
02164,11.7
02170,8.2
02180,12.1
02185,7.4
02188,16.2
02195,9.2
02198,11.0
02220,4.5
02230,10.2
02240,10.2
02261,7.7
02275,7.6
02282,9.4
02290,17.6
04001,10.3
04003,5.6
04005,5.5
04007,6.1
04009,5.4
04011,5.0
04012,5.4
04013,4.2
04015,5.9
04017,7.7
04019,4.5
04021,5.0
04023,9.5
04025,4.5
04027,17.0
05001,3.3
05003,5.7
05005,4.3
05007,3.0
05009,3.4
05011,4.8
05013,3.9
05015,3.3
05017,6.5
05019,4.0
05021,4.5
05023,4.9
05025,4.3
05027,5.1
05029,4.8
05031,3.0
05033,3.5
05035,4.4
05037,4.0
05039,4.5
05041,4.8
05043,5.2
05045,3.3
05047,3.5
05049,4.2
05051,4.0
05053,3.2
05055,3.7
05057,3.5
05059,3.7
05061,3.0
05063,4.2
05065,5.5
05067,5.9
05069,5.2
05071,4.3
05073,5.1
05075,3.8
05077,4.8
05079,4.2
05081,4.9
05083,3.8
05085,3.3
05087,2.9
05089,3.9
05091,4.3
05093,5.9
05095,4.3
05097,4.8
05099,3.6
05101,3.6
05103,4.6
05105,4.1
05107,5.8
05109,4.1
05111,4.2
05113,4.5
05115,4.5
05117,4.1
05119,3.4
05121,4.2
05123,5.0
05125,3.0
05127,3.5
05129,4.6
05131,3.6
05133,4.6
05135,5.0
05137,4.8
05139,5.3
05141,5.5
05143,2.6
05145,4.5
05147,4.9
05149,4.0
06001,3.7
06003,6.2
06005,5.0
06007,5.8
06009,4.7
06011,14.2
06013,3.8
06015,6.4
06017,4.4
06019,8.5
06021,7.5
06023,4.2
06025,19.5
06027,4.4
06029,9.2
06031,8.9
06033,5.8
06035,5.5
06037,4.8
06039,8.1
06041,2.9
06043,5.8
06045,4.5
06047,9.4
06049,8.1
06051,4.4
06053,7.2
06055,3.6
06057,4.1
06059,3.5
06061,3.9
06063,8.9
06065,5.2
06067,4.7
06069,5.8
06071,4.9
06073,4.0
06075,2.9
06077,7.0
06079,3.6
06081,2.7
06083,4.5
06085,3.2
06087,5.7
06089,5.8
06091,6.5
06093,7.2
06095,4.8
06097,3.4
06099,7.5
06101,8.7
06103,6.4
06105,6.2
06107,10.4
06109,5.4
06111,4.5
06113,5.1
06115,7.4
08001,2.9
08003,3.3
08005,2.7
08007,2.9
08009,1.6
08011,2.6
08013,2.3
08014,2.5
08015,2.3
08017,1.7
08019,2.5
08021,4.0
08023,3.4
08025,3.0
08027,2.9
08029,3.7
08031,2.6
08033,2.9
08035,2.3
08037,2.2
08039,2.3
08041,3.1
08043,4.1
08045,2.8
08047,1.9
08049,2.2
08051,2.0
08053,2.1
08055,5.6
08057,1.8
08059,2.5
08061,1.7
08063,1.6
08065,2.1
08067,2.3
08069,2.3
08071,3.9
08073,2.0
08075,2.2
08077,3.8
08079,1.9
08081,3.2
08083,3.8
08085,3.2
08087,2.3
08089,4.0
08091,2.8
08093,2.3
08095,1.6
08097,3.0
08099,2.5
08101,4.1
08103,3.8
08105,4.2
08107,2.3
08109,4.2
08111,2.1
08113,2.7
08115,2.1
08117,1.8
08119,3.1
08121,1.9
08123,2.6
08125,1.5
09001,4.6
09003,4.9
09005,4.4
09007,4.1
09009,5.1
09011,4.5
09013,4.0
09015,5.1
10001,4.9
10003,4.4
10005,4.5
11001
12001,3.8
12003,4.2
12005,4.1
12007,3.6
12009,4.3
12011,4.0
12013,4.9
12015,4.7
12017,5.9
12019,3.9
12021,4.1
12023,4.4
12027,4.5
12029,4.8
12031,4.2
12033,4.2
12035,4.8
12037,3.6
12039,5.5
12041,4.4
12043,5.4
12045,3.9
12047,4.8
12049,5.9
12051,7.3
12053,5.2
12055,5.7
12057,3.9
12059,4.7
12061,5.0
12063,4.5
12065,4.4
12067,3.7
12069,4.2
12071,4.1
12073,3.9
12075,4.5
12077,4.6
12079,4.5
12081,4.0
12083,5.0
12085,4.2
12086,4.6
12087,3.3
12089,3.9
12091,3.5
12093,4.4
12095,3.8
12097,4.3
12099,4.2
12101,4.5
12103,3.8
12105,4.8
12107,5.4
12109,3.4
12111,5.2
12113,3.9
12115,3.9
12117,3.7
12119,6.1
12121,4.3
12123,4.5
12125,3.7
12127,4.4
12129,3.6
12131,3.7
12133,4.4
13001,5.4
13003,4.4
13005,4.4
13007,6.1
13009,5.8
13011,3.9
13013,4.0
13015,4.6
13017,7.7
13019,5.1
13021,5.3
13023,6.7
13025,5.7
13027,4.5
13029,4.2
13031,5.0
13033,7.1
13035,4.8
13037,5.2
13039,5.0
13043,4.1
13045,5.0
13047,4.1
13049,5.0
13051,4.5
13053,6.7
13055,4.7
13057,3.7
13059,4.7
13061,8.9
13063,5.8
13065,5.4
13067,4.1
13069,5.0
13071,4.5
13073,4.1
13075,4.5
13077,4.2
13079,4.9
13081,5.1
13083,4.3
13085,3.8
13087,5.5
13089,4.8
13091,6.2
13093,5.0
13095,6.0
13097,4.9
13099,5.4
13101,3.9
13103,4.0
13105,5.2
13107,6.6
13109,4.3
13111,4.7
13113,4.0
13115,5.2
13117,3.7
13119,4.7
13121,4.8
13123,5.0
13125,4.9
13127,4.7
13129,4.6
13131,4.8
13133,5.1
13135,4.2
13137,4.5
13139,3.9
13141,7.0
13143,4.7
13145,4.1
13147,4.4
13149,4.9
13151,4.8
13153,4.7
13155,6.9
13157,3.6
13159,4.3
13161,6.0
13163,6.1
13165,6.7
13167,5.0
13169,4.3
13171,5.6
13173,5.0
13175,5.8
13177,4.1
13179,5.1
13181,5.2
13183,4.8
13185,4.6
13187,4.1
13189,6.2
13191,5.0
13193,6.9
13195,4.2
13197,6.0
13199,5.9
13201,4.4
13205,6.2
13207,4.4
13209,6.5
13211,4.4
13213,6.1
13215,5.9
13217,5.3
13219,3.5
13221,4.3
13223,4.1
13225,5.8
13227,4.2
13229,4.5
13231,4.4
13233,5.2
13235,5.2
13237,5.7
13239,5.9
13241,4.9
13243,6.4
13245,5.9
13247,5.2
13249,5.4
13251,6.2
13253,6.4
13255,5.8
13257,5.2
13259,5.9
13261,6.7
13263,6.1
13265,6.6
13267,4.9
13269,8.6
13271,7.8
13273,5.9
13275,5.8
13277,4.6
13279,6.5
13281,6.5
13283,6.7
13285,4.4
13287,5.6
13289,7.5
13291,4.5
13293,5.4
13295,4.5
13297,4.3
13299,4.5
13301,5.8
13303,5.8
13305,5.7
13307,7.5
13309,8.9
13311,3.8
13313,5.4
13315,5.8
13317,5.6
13319,5.6
13321,4.8
15001,2.9
15003,2.3
15007,2.4
15009,2.6
16001,2.8
16003,5.9
16005,3.1
16007,3.2
16009,5.7
16011,3.0
16013,2.6
16015,4.9
16017,4.6
16019,2.7
16021,4.8
16023,3.0
16025,2.8
16027,3.6
16029,3.2
16031,2.5
16033,2.8
16035,7.1
16037,4.3
16039,3.7
16041,2.3
16043,2.7
16045,4.0
16047,2.5
16049,5.0
16051,2.6
16053,2.8
16055,3.9
16057,2.7
16059,5.3
16061,5.9
16063,3.3
16065,1.9
16067,2.7
16069,2.9
16071,2.9
16073,4.0
16075,4.0
16077,3.4
16079,6.4
16081,2.6
16083,3.0
16085,4.5
16087,4.7
17001,3.9
17003,8.4
17005,4.5
17007,6.8
17009,2.9
17011,4.9
17013,5.5
17015,4.7
17017,4.6
17019,4.4
17021,5.3
17023,4.9
17025,5.4
17027,3.6
17029,4.7
17031,5.1
17033,5.3
17035,4.0
17037,4.7
17039,4.8
17041,4.2
17043,3.9
17045,4.9
17047,4.7
17049,3.8
17051,5.6
17053,4.9
17055,6.6
17057,6.5
17059,5.8
17061,5.2
17063,5.7
17065,4.6
17067,5.2
17069,7.8
17071,5.2
17073,5.2
17075,4.6
17077,4.5
17079,5.1
17081,5.5
17083,4.9
17085,4.5
17087,7.6
17089,4.9
17091,5.5
17093,4.3
17095,5.3
17097,4.6
17099,5.7
17101,6.1
17103,4.4
17105,4.5
17107,4.6
17109,5.1
17111,4.4
17113,4.2
17115,5.6
17117,4.9
17119,4.8
17121,5.3
17123,5.5
17125,6.1
17127,6.6
17129,4.2
17131,5.2
17133,3.4
17135,5.8
17137,4.4
17139,3.9
17141,5.2
17143,5.9
17145,6.1
17147,4.1
17149,4.6
17151,6.4
17153,8.0
17155,5.0
17157,4.5
17159,4.8
17161,5.2
17163,5.1
17165,6.5
17167,4.3
17169,4.6
17171,5.3
17173,4.5
17175,6.4
17177,4.7
17179,5.4
17181,6.5
17183,6.5
17185,5.1
17187,4.2
17189,3.0
17191,6.2
17193,4.9
17195,4.9
17197,5.0
17199,5.2
17201,6.5
17203,4.4
18001,2.6
18003,3.4
18005,2.8
18007,3.4
18009,4.1
18011,2.9
18013,3.4
18015,3.4
18017,3.8
18019,3.5
18021,3.7
18023,3.1
18025,4.5
18027,2.8
18029,3.9
18031,2.9
18033,2.9
18035,4.3
18037,2.6
18039,2.5
18041,5.1
18043,3.4
18045,4.0
18047,3.6
18049,3.5
18051,3.0
18053,3.9
18055,4.8
18057,2.8
18059,3.0
18061,3.5
18063,2.9
18065,3.7
18067,3.8
18069,3.6
18071,3.0
18073,4.3
18075,3.5
18077,3.7
18079,3.8
18081,3.0
18083,3.4
18085,2.7
18087,2.6
18089,5.1
18091,4.5
18093,4.4
18095,4.0
18097,3.6
18099,3.1
18101,3.0
18103,3.9
18105,3.7
18107,3.1
18109,3.5
18111,4.8
18113,3.1
18115,3.6
18117,4.0
18119,4.4
18121,4.0
18123,3.8
18125,3.4
18127,4.1
18129,3.0
18131,3.5
18133,3.7
18135,4.2
18137,3.6
18139,3.1
18141,3.6
18143,3.8
18145,3.4
18147,3.4
18149,4.4
18151,2.9
18153,4.4
18155,4.0
18157,3.2
18159,3.1
18161,3.1
18163,3.3
18165,5.4
18167,4.2
18169,3.5
18171,3.4
18173,3.2
18175,3.7
18177,3.8
18179,3.0
18181,3.3
18183,2.9
19001,2.8
19003,2.3
19005,4.0
19007,3.8
19009,3.1
19011,3.3
19013,3.7
19015,2.4
19017,2.8
19019,3.2
19021,2.6
19023,3.6
19025,3.0
19027,2.3
19029,3.6
19031,2.9
19033,3.0
19035,2.5
19037,3.2
19039,3.1
19041,3.7
19043,3.9
19045,4.1
19047,4.1
19049,2.1
19051,3.3
19053,2.6
19055,2.7
19057,4.2
19059,3.6
19061,3.0
19063,3.2
19065,3.6
19067,3.2
19069,2.7
19071,2.6
19073,2.7
19075,2.9
19077,3.2
19079,3.2
19081,2.6
19083,3.2
19085,2.7
19087,3.0
19089,3.0
19091,3.0
19093,2.3
19095,2.6
19097,3.4
19099,3.1
19101,3.1
19103,2.5
19105,3.6
19107,3.6
19109,2.4
19111,5.4
19113,3.3
19115,3.3
19117,2.8
19119,1.7
19121,3.6
19123,3.2
19125,2.6
19127,4.6
19129,2.8
19131,2.1
19133,3.6
19135,3.8
19137,3.1
19139,3.3
19141,2.4
19143,2.1
19145,3.9
19147,2.7
19149,2.4
19151,2.4
19153,3.1
19155,2.8
19157,3.1
19159,3.1
19161,2.8
19163,3.6
19165,2.4
19167,2.0
19169,2.0
19171,3.5
19173,2.2
19175,3.1
19177,3.0
19179,4.5
19181,2.7
19183,2.9
19185,3.1
19187,3.7
19189,3.1
19191,3.1
19193,3.2
19195,3.0
19197,3.4
20001,4.9
20003,3.9
20005,5.2
20007,2.9
20009,3.6
20011,4.4
20013,3.2
20015,3.8
20017,2.6
20019,4.7
20021,3.9
20023,2.6
20025,2.5
20027,3.7
20029,4.3
20031,5.3
20033,2.9
20035,3.8
20037,4.2
20039,3.1
20041,3.8
20043,3.5
20045,3.2
20047,3.1
20049,4.2
20051,2.5
20053,3.1
20055,2.8
20057,2.8
20059,3.7
20061,5.0
20063,2.3
20065,3.6
20067,3.2
20069,2.0
20071,1.8
20073,4.2
20075,2.4
20077,3.8
20079,4.1
20081,2.2
20083,2.5
20085,3.1
20087,3.6
20089,3.5
20091,3.0
20093,2.5
20095,3.7
20097,2.5
20099,4.5
20101,3.3
20103,3.9
20105,2.9
20107,5.9
20109,2.2
20111,3.8
20113,2.8
20115,3.6
20117,2.8
20119,2.5
20121,3.8
20123,2.7
20125,5.3
20127,3.1
20129,3.8
20131,2.4
20133,5.3
20135,2.9
20137,2.2
20139,4.0
20141,2.7
20143,3.1
20145,3.3
20147,3.0
20149,3.1
20151,3.3
20153,2.3
20155,3.9
20157,2.8
20159,3.2
20161,3.1
20163,3.9
20165,3.2
20167,3.4
20169,3.2
20171,2.2
20173,4.3
20175,3.5
20177,3.7
20179,2.3
20181,2.9
20183,2.8
20185,3.3
20187,2.8
20189,3.2
20191,3.8
20193,2.6
20195,3.4
20197,3.2
20199,2.6
20201,3.0
20203,2.5
20205,4.7
20207,4.4
20209,5.2
21001,6.1
21003,4.1
21005,4.1
21007,7.7
21009,4.6
21011,7.9
21013,7.9
21015,3.9
21017,4.6
21019,7.2
21021,5.1
21023,5.8
21025,8.8
21027,6.0
21029,4.2
21031,5.5
21033,5.3
21035,4.4
21037,3.8
21039,6.9
21041,4.7
21043,9.9
21045,4.9
21047,6.2
21049,4.7
21051,8.9
21053,6.6
21055,5.5
21057,5.3
21059,4.4
21061,6.0
21063,10.7
21065,6.0
21067,3.7
21069,6.1
21071,8.4
21073,4.1
21075,7.3
21077,4.6
21079,4.9
21081,4.9
21083,6.0
21085,6.1
21087,4.7
21089,7.7
21091,5.1
21093,4.6
21095,10.0
21097,4.6
21099,4.5
21101,4.6
21103,4.1
21105,7.5
21107,5.0
21109,8.5
21111,4.4
21113,3.8
21115,8.7
21117,4.0
21119,8.6
21121,7.6
21123,4.8
21125,5.9
21127,9.1
21129,8.5
21131,10.2
21133,9.4
21135,9.3
21137,5.7
21139,7.6
21141,4.4
21143,5.8
21145,6.1
21147,6.9
21149,5.4
21151,4.3
21153,16.3
21155,4.2
21157,6.0
21159,7.7
21161,6.2
21163,5.2
21165,8.8
21167,4.9
21169,4.1
21171,3.9
21173,6.7
21175,7.4
21177,7.0
21179,4.4
21181,5.6
21183,6.4
21185,3.5
21187,4.4
21189,8.4
21191,4.7
21193,8.3
21195,7.8
21197,6.7
21199,5.7
21201,6.2
21203,5.9
21205,5.8
21207,7.2
21209,3.7
21211,3.6
21213,4.6
21215,3.9
21217,4.4
21219,4.2
21221,5.7
21223,5.0
21225,6.0
21227,4.1
21229,4.2
21231,7.8
21233,5.2
21235,5.8
21237,9.2
21239,3.3
22001,5.9
22003,5.3
22005,4.3
22007,7.3
22009,6.1
22011,5.3
22013,6.0
22015,4.5
22017,5.8
22019,4.0
22021,5.7
22023,3.6
22025,7.0
22027,5.3
22029,7.9
22031,6.1
22033,4.4
22035,11.1
22037,4.8
22039,5.9
22041,7.5
22043,6.3
22045,7.3
22047,6.2
22049,4.5
22051,4.5
22053,4.9
22055,4.9
22057,5.2
22059,4.7
22061,5.2
22063,4.2
22065,8.1
22067,8.0
22069,6.0
22071,5.1
22073,5.2
22075,4.6
22077,5.6
22079,5.6
22081,5.2
22083,6.1
22085,5.5
22087,5.2
22089,4.5
22091,6.6
22093,6.6
22095,6.1
22097,6.7
22099,6.1
22101,7.9
22103,4.3
22105,5.7
22107,8.5
22109,5.7
22111,5.5
22113,6.0
22115,6.5
22117,5.8
22119,6.8
22121,4.6
22123,9.8
22125,4.2
22127,6.4
23001,3.2
23003,4.9
23005,2.6
23007,4.2
23009,3.9
23011,3.3
23013,3.2
23015,3.3
23017,3.9
23019,3.8
23021,4.1
23023,2.8
23025,5.0
23027,3.7
23029,5.1
23031,3.0
24001,5.9
24003,3.6
24005,4.4
24009,3.7
24011,4.4
24013,3.5
24015,4.9
24017,4.1
24019,5.9
24021,3.7
24023,5.3
24025,4.0
24027,3.2
24029,4.6
24031,3.4
24033,4.3
24035,3.8
24037,4.1
24039,7.0
24041,4.1
24043,4.8
24045,5.9
24047,8.8
24510,6.3
25001,4.7
25003,4.4
25005,4.8
25007,4.9
25009,3.8
25011,3.4
25013,5.1
25015,3.5
25017,3.1
25019,4.5
25021,3.4
25023,4.0
25025,3.4
25027,3.9
26001,7.1
26003,8.3
26005,3.7
26007,5.7
26009,6.5
26011,8.0
26013,7.7
26015,3.9
26017,5.5
26019,6.5
26021,4.8
26023,4.5
26025,4.9
26027,4.5
26029,5.5
26031,10.0
26033,7.6
26035,6.9
26037,3.6
26039,6.9
26041,6.2
26043,4.7
26045,4.1
26047,6.5
26049,5.6
26051,6.5
26053,5.9
26055,4.2
26057,5.4
26059,4.9
26061,5.9
26063,5.1
26065,4.3
26067,3.9
26069,7.3
26071,6.3
26073,4.4
26075,4.6
26077,4.0
26079,6.9
26081,3.4
26083,8.7
26085,8.1
26087,5.5
26089,4.7
26091,4.7
26093,3.4
26095,6.8
26097,10.1
26099,4.4
26101,6.5
26103,5.5
26105,5.7
26107,5.7
26109,4.8
26111,4.6
26113,5.7
26115,4.7
26117,4.9
26119,10.4
26121,5.3
26123,4.9
26125,3.5
26127,7.0
26129,7.6
26131,8.7
26133,5.9
26135,7.3
26137,6.0
26139,3.2
26141,9.2
26143,8.8
26145,5.4
26147,5.1
26149,4.2
26151,5.8
26153,8.3
26155,5.1
26157,6.2
26159,5.6
26161,3.5
26163,5.6
26165,5.5
27001,6.1
27003,3.3
27005,4.1
27007,4.8
27009,4.0
27011,4.4
27013,2.9
27015,3.7
27017,4.7
27019,2.9
27021,5.9
27023,3.9
27025,3.9
27027,3.2
27029,8.7
27031,3.8
27033,5.1
27035,4.4
27037,3.0
27039,3.3
27041,3.1
27043,4.1
27045,3.5
27047,3.6
27049,3.2
27051,4.1
27053,3.0
27055,3.4
27057,5.5
27059,4.2
27061,6.9
27063,3.6
27065,6.0
27067,3.2
27069,3.7
27071,7.0
27073,3.4
27075,3.8
27077,4.6
27079,4.6
27081,3.2
27083,3.2
27085,3.7
27087,5.0
27089,6.9
27091,3.4
27093,4.0
27095,5.5
27097,5.3
27099,2.8
27101,4.3
27103,2.5
27105,3.1
27107,4.6
27109,2.7
27111,3.9
27113,5.6
27115,5.6
27117,3.3
27119,4.1
27121,3.0
27123,3.2
27125,6.5
27127,4.0
27129,4.4
27131,3.1
27133,2.1
27135,4.8
27137,4.6
27139,2.9
27141,3.7
27143,3.5
27145,3.3
27147,3.3
27149,2.6
27151,4.0
27153,3.9
27155,3.5
27157,3.3
27159,5.5
27161,3.8
27163,3.0
27165,4.3
27167,3.1
27169,3.1
27171,3.5
27173,3.4
28001,7.3
28003,4.5
28005,6.7
28007,6.1
28009,5.6
28011,6.4
28013,4.3
28015,5.7
28017,5.2
28019,4.9
28021,9.9
28023,6.1
28025,6.7
28027,7.2
28029,5.7
28031,4.8
28033,3.8
28035,4.8
28037,6.9
28039,7.1
28041,7.5
28043,4.6
28045,5.5
28047,4.9
28049,4.8
28051,9.4
28053,9.1
28055,11.8
28057,4.3
28059,5.9
28061,6.5
28063,14.9
28065,6.9
28067,5.2
28069,7.9
28071,4.2
28073,3.8
28075,5.4
28077,6.6
28079,5.7
28081,4.1
28083,7.3
28085,5.2
28087,5.4
28089,3.9
28091,5.5
28093,5.2
28095,5.2
28097,5.1
28099,5.1
28101,5.3
28103,7.3
28105,5.0
28107,6.7
28109,5.3
28111,6.3
28113,6.0
28115,3.9
28117,4.6
28119,8.8
28121,3.6
28123,4.0
28125,7.6
28127,4.9
28129,4.8
28131,6.1
28133,8.3
28135,5.3
28137,5.1
28139,4.5
28141,5.0
28143,5.9
28145,3.6
28147,6.9
28149,5.7
28151,7.4
28153,6.3
28155,5.3
28157,8.9
28159,6.0
28161,5.5
28163,6.1
29001,4.3
29003,3.2
29005,3.5
29007,3.5
29009,3.3
29011,4.2
29013,4.5
29015,5.1
29017,4.4
29019,2.6
29021,3.6
29023,4.5
29025,4.1
29027,3.5
29029,4.8
29031,3.5
29033,4.0
29035,5.8
29037,3.5
29039,4.1
29041,3.5
29043,3.1
29045,5.6
29047,3.6
29049,4.0
29051,2.9
29053,3.6
29055,4.6
29057,3.4
29059,4.7
29061,3.3
29063,3.9
29065,4.2
29067,4.6
29069,6.5
29071,3.6
29073,3.8
29075,2.8
29077,3.1
29079,3.6
29081,3.5
29083,4.1
29085,4.5
29087,2.9
29089,3.8
29091,4.7
29093,6.4
29095,4.4
29097,3.4
29099,3.6
29101,4.4
29103,3.2
29105,4.8
29107,3.8
29109,3.5
29111,3.4
29113,3.6
29115,5.8
29117,2.9
29119,3.7
29121,3.6
29123,4.5
29125,4.3
29127,3.6
29129,3.7
29131,4.4
29133,5.0
29135,3.6
29137,4.3
29139,3.3
29141,4.9
29143,6.6
29145,3.6
29147,3.6
29149,4.6
29151,3.0
29153,5.8
29155,7.4
29157,2.7
29159,4.2
29161,3.7
29163,3.4
29165,3.2
29167,4.0
29169,4.3
29171,3.8
29173,3.1
29175,4.5
29177,4.8
29179,3.9
29181,5.5
29183,2.9
29185,5.1
29186,3.6
29187,4.4
29189,3.4
29195,3.6
29197,4.8
29199,3.1
29201,4.4
29203,6.1
29205,3.4
29207,5.0
29209,5.5
29211,4.0
29213,6.0
29215,4.9
29217,3.8
29219,3.2
29221,5.4
29223,5.1
29225,3.9
29227,2.5
29229,5.0
29510,4.4
30001,3.1
30003,13.2
30005,4.0
30007,4.6
30009,3.5
30011,2.4
30013,3.7
30015,3.2
30017,3.1
30019,2.2
30021,3.0
30023,3.5
30025,2.6
30027,3.9
30029,5.1
30031,2.7
30033,2.8
30035,7.8
30037,5.1
30039,5.8
30041,3.7
30043,4.2
30045,3.6
30047,4.4
30049,3.4
30051,3.0
30053,8.3
30055,2.1
30057,3.8
30059,4.3
30061,7.4
30063,3.5
30065,4.3
30067,3.8
30069,4.1
30071,4.4
30073,3.8
30075,2.5
30077,4.3
30079,3.7
30081,4.6
30083,3.7
30085,4.6
30087,5.0
30089,6.8
30091,2.6
30093,4.1
30095,3.8
30097,3.1
30099,3.9
30101,3.0
30103,3.8
30105,3.2
30107,4.3
30109,3.1
30111,3.4
31001,3.0
31003,2.4
31005,5.5
31007,3.6
31009,4.2
31011,2.4
31013,3.2
31015,3.2
31017,3.1
31019,2.4
31021,3.6
31023,2.8
31025,3.1
31027,2.2
31029,1.8
31031,2.3
31033,2.8
31035,3.1
31037,2.4
31039,2.7
31041,2.1
31043,4.0
31045,2.7
31047,2.8
31049,2.5
31051,3.1
31053,2.8
31055,3.1
31057,2.3
31059,2.5
31061,2.9
31063,2.5
31065,2.4
31067,3.4
31069,2.8
31071,2.5
31073,2.6
31075,2.3
31077,3.0
31079,3.4
31081,2.5
31083,2.5
31085,2.3
31087,3.3
31089,2.4
31091,3.6
31093,3.0
31095,2.4
31097,3.3
31099,2.2
31101,3.0
31103,2.5
31105,2.8
31107,3.4
31109,2.6
31111,3.0
31113,2.8
31115,3.0
31117,2.2
31119,2.6
31121,2.7
31123,2.9
31125,2.4
31127,3.8
31129,2.6
31131,3.3
31133,3.0
31135,1.9
31137,2.3
31139,2.7
31141,2.9
31143,2.3
31145,2.5
31147,3.2
31149,2.5
31151,3.0
31153,2.7
31155,2.7
31157,3.4
31159,2.6
31161,2.6
31163,2.8
31165,2.9
31167,2.8
31169,2.2
31171,3.2
31173,4.9
31175,2.6
31177,3.0
31179,2.4
31181,2.9
31183,2.2
31185,2.5
32001,4.3
32003,5.3
32005,4.8
32007,3.7
32009,4.0
32011,3.0
32013,4.1
32015,4.5
32017,4.7
32019,5.9
32021,5.6
32023,6.4
32027,4.5
32029,5.1
32031,4.2
32033,4.0
32510,5.1
33001,2.7
33003,2.7
33005,2.6
33007,3.5
33009,2.2
33011,2.9
33013,2.4
33015,2.9
33017,2.4
33019,2.2
34001,7.2
34003,3.9
34005,4.1
34007,5.1
34009,9.2
34011,7.0
34013,5.7
34015,4.7
34017,4.4
34019,3.5
34021,4.1
34023,4.1
34025,4.1
34027,3.6
34029,4.8
34031,5.7
34033,6.2
34035,3.8
34037,4.4
34039,4.8
34041,4.2
35001,5.2
35003,6.6
35005,6.1
35006,7.4
35007,5.7
35009,4.6
35011,4.4
35013,6.5
35015,5.0
35017,5.8
35019,6.3
35021,6.0
35023,4.9
35025,6.3
35027,5.3
35028,3.7
35029,13.4
35031,8.2
35033,7.6
35035,5.8
35037,5.9
35039,6.1
35041,5.0
35043,5.9
35045,7.2
35047,7.1
35049,4.9
35051,7.4
35053,6.1
35055,7.6
35057,8.2
35059,3.6
35061,6.3
36001,4.2
36003,6.6
36005,6.3
36007,5.6
36009,6.2
36011,5.0
36013,6.0
36015,5.5
36017,5.3
36019,5.3
36021,3.8
36023,5.8
36025,5.5
36027,4.3
36029,5.1
36031,5.5
36033,6.0
36035,5.8
36037,4.8
36039,5.2
36041,7.4
36043,5.7
36045,6.5
36047,4.7
36049,6.6
36051,5.0
36053,5.5
36055,4.9
36057,5.7
36059,4.1
36061,4.1
36063,6.2
36065,5.0
36067,4.7
36069,4.5
36071,4.5
36073,5.9
36075,6.5
36077,5.0
36079,4.2
36081,4.0
36083,4.4
36085,4.7
36087,4.3
36089,6.7
36091,4.0
36093,4.5
36095,5.5
36097,5.8
36099,4.5
36101,5.7
36103,4.5
36105,4.9
36107,5.1
36109,4.3
36111,4.5
36113,5.3
36115,4.6
36117,5.0
36119,4.5
36121,5.6
36123,4.4
37001,4.2
37003,3.6
37005,5.0
37007,5.1
37009,4.1
37011,4.3
37013,5.0
37015,5.9
37017,5.8
37019,5.6
37021,3.4
37023,4.2
37025,4.1
37027,4.4
37029,4.3
37031,4.4
37033,4.7
37035,4.1
37037,3.8
37039,4.9
37041,5.2
37043,4.9
37045,4.6
37047,5.4
37049,4.6
37051,5.7
37053,4.3
37055,5.9
37057,4.3
37059,3.9
37061,4.8
37063,4.0
37065,7.6
37067,4.3
37069,4.6
37071,4.6
37073,4.4
37075,6.8
37077,3.8
37079,4.4
37081,4.7
37083,7.2
37085,5.1
37087,4.0
37089,3.8
37091,5.7
37093,5.7
37095,8.4
37097,4.2
37099,4.7
37101,4.1
37103,4.4
37105,5.1
37107,4.4
37109,4.0
37111,4.0
37113,4.6
37115,4.2
37117,5.6
37119,4.3
37121,5.2
37123,4.5
37125,4.4
37127,6.0
37129,4.1
37131,6.2
37133,5.2
37135,3.7
37137,4.6
37139,5.5
37141,4.6
37143,5.6
37145,4.6
37147,4.8
37149,4.1
37151,4.3
37153,6.0
37155,6.5
37157,5.1
37159,4.7
37161,6.0
37163,4.7
37165,7.6
37167,4.1
37169,4.2
37171,4.1
37173,5.0
37175,4.3
37177,7.6
37179,4.0
37181,6.2
37183,3.9
37185,6.8
37187,6.5
37189,4.0
37191,5.0
37193,4.2
37195,7.2
37197,3.9
37199,4.5
38001,2.5
38003,2.8
38005,3.6
38007,3.0
38009,3.3
38011,1.8
38013,3.1
38015,2.5
38017,2.1
38019,2.7
38021,1.8
38023,1.6
38025,2.2
38027,4.7
38029,4.0
38031,2.5
38033,2.0
38035,2.2
38037,3.0
38039,2.9
38041,2.0
38043,3.6
38045,1.9
38047,2.6
38049,4.3
38051,2.6
38053,2.5
38055,3.2
38057,4.1
38059,3.1
38061,2.1
38063,3.1
38065,4.2
38067,4.2
38069,3.2
38071,2.7
38073,2.0
38075,2.6
38077,2.4
38079,10.5
38081,2.1
38083,4.5
38085,3.8
38087,2.1
38089,2.7
38091,1.7
38093,2.4
38095,2.6
38097,2.5
38099,3.4
38101,3.3
38103,3.3
38105,2.5
39001,7.1
39003,5.0
39005,4.9
39007,5.9
39009,6.0
39011,3.7
39013,6.3
39015,5.7
39017,4.4
39019,5.8
39021,4.1
39023,4.8
39025,4.4
39027,5.5
39029,5.9
39031,6.8
39033,5.7
39035,5.8
39037,4.2
39039,4.8
39041,3.5
39043,6.1
39045,4.3
39047,4.2
39049,4.0
39051,4.9
39053,6.6
39055,4.7
39057,4.2
39059,6.0
39061,4.4
39063,3.6
39065,4.9
39067,6.0
39069,5.2
39071,5.9
39073,5.4
39075,3.5
39077,6.4
39079,7.1
39081,7.3
39083,4.5
39085,5.1
39087,5.9
39089,4.2
39091,4.1
39093,6.1
39095,5.9
39097,3.9
39099,6.8
39101,5.0
39103,4.7
39105,8.1
39107,3.1
39109,4.2
39111,8.3
39113,4.9
39115,6.7
39117,4.9
39119,5.6
39121,7.2
39123,6.7
39125,4.4
39127,6.0
39129,4.6
39131,6.9
39133,5.0
39135,4.4
39137,3.5
39139,5.4
39141,5.1
39143,4.7
39145,7.0
39147,4.7
39149,4.1
39151,5.2
39153,5.0
39155,7.2
39157,5.0
39159,3.7
39161,3.9
39163,6.8
39165,4.1
39167,6.2
39169,3.9
39171,4.4
39173,4.4
39175,3.7
40001,5.0
40003,2.6
40005,5.3
40007,2.6
40009,3.8
40011,2.8
40013,3.8
40015,4.4
40017,3.5
40019,4.5
40021,5.4
40023,6.1
40025,2.3
40027,3.5
40029,5.4
40031,4.4
40033,4.0
40035,4.3
40037,5.0
40039,3.2
40041,4.4
40043,2.9
40045,3.2
40047,3.9
40049,4.2
40051,4.0
40053,2.6
40055,5.2
40057,3.8
40059,3.0
40061,6.6
40063,5.5
40065,3.8
40067,5.5
40069,3.9
40071,5.4
40073,2.8
40075,5.3
40077,7.4
40079,5.8
40081,4.3
40083,3.7
40085,3.0
40087,3.5
40089,6.3
40091,7.7
40093,3.2
40095,4.6
40097,4.7
40099,3.7
40101,5.1
40103,3.3
40105,5.4
40107,6.0
40109,4.0
40111,6.3
40113,5.1
40115,4.3
40117,5.3
40119,3.6
40121,5.2
40123,3.8
40125,4.1
40127,6.2
40129,3.2
40131,4.4
40133,5.7
40135,5.4
40137,6.2
40139,3.1
40141,4.2
40143,4.3
40145,4.4
40147,4.5
40149,4.4
40151,2.6
40153,4.1
41001,5.5
41003,3.2
41005,3.7
41007,4.1
41009,5.1
41011,5.5
41013,6.3
41015,6.1
41017,4.2
41019,5.3
41021,4.2
41023,6.9
41025,6.3
41027,3.6
41029,4.7
41031,5.6
41033,5.4
41035,5.9
41037,5.7
41039,4.4
41041,4.8
41043,4.7
41045,4.6
41047,4.3
41049,4.4
41051,3.6
41053,4.3
41055,4.7
41057,4.2
41059,4.8
41061,5.3
41063,5.7
41065,4.2
41067,3.5
41069,4.0
41071,3.8
42001,3.7
42003,4.7
42005,6.1
42007,5.5
42009,5.2
42011,4.6
42013,4.8
42015,5.1
42017,4.2
42019,4.6
42021,6.0
42023,6.8
42025,5.5
42027,3.7
42029,3.6
42031,5.6
42033,5.9
42035,6.1
42037,5.2
42039,5.5
42041,3.8
42043,4.5
42045,4.5
42047,4.8
42049,5.7
42051,6.9
42053,6.7
42055,4.4
42057,5.1
42059,5.9
42061,6.0
42063,5.8
42065,5.6
42067,4.6
42069,5.1
42071,3.8
42073,6.0
42075,4.1
42077,5.0
42079,5.9
42081,5.6
42083,6.1
42085,5.4
42087,5.3
42089,5.8
42091,3.8
42093,3.8
42095,4.9
42097,5.6
42099,4.3
42101,6.2
42103,5.9
42105,6.5
42107,5.8
42109,4.4
42111,6.0
42113,6.0
42115,4.7
42117,5.9
42119,4.3
42121,6.1
42123,5.3
42125,5.2
42127,5.1
42129,5.2
42131,5.3
42133,4.3
44001,3.8
44003,4.1
44005,3.9
44007,4.7
44009,4.0
45001,4.6
45003,4.1
45005,6.9
45007,3.9
45009,7.5
45011,6.0
45013,4.1
45015,3.8
45017,5.2
45019,3.5
45021,5.0
45023,6.1
45025,4.3
45027,6.0
45029,4.8
45031,5.3
45033,5.7
45035,3.9
45037,4.6
45039,7.4
45041,4.5
45043,5.6
45045,3.7
45047,4.5
45049,4.4
45051,5.0
45053,3.7
45055,4.5
45057,4.7
45059,4.4
45061,6.0
45063,3.6
45065,4.5
45067,7.4
45069,6.5
45071,4.2
45073,4.4
45075,7.2
45077,4.1
45079,4.3
45081,3.9
45083,4.0
45085,5.2
45087,5.4
45089,6.4
45091,4.0
46003,2.8
46005,2.7
46007,4.2
46009,2.8
46011,3.0
46013,2.9
46015,2.9
46017,7.2
46019,3.4
46021,3.2
46023,3.5
46025,4.4
46027,3.2
46029,3.2
46031,4.0
46033,4.1
46035,2.8
46037,3.9
46039,4.7
46041,9.8
46043,2.9
46045,2.7
46047,3.9
46049,3.0
46051,3.4
46053,3.4
46055,2.7
46057,3.5
46059,2.4
46061,4.0
46063,2.9
46065,2.7
46067,3.0
46069,3.1
46071,5.4
46073,2.4
46075,2.9
46077,3.1
46079,3.7
46081,3.2
46083,2.4
46085,4.9
46087,2.7
46089,3.3
46091,4.3
46093,3.3
46095,4.7
46097,2.8
46099,2.7
46101,3.6
46102,11.2
46103,3.3
46105,2.8
46107,3.2
46109,4.6
46111,3.4
46115,3.3
46117,3.2
46119,3.1
46121,6.4
46123,2.7
46125,3.1
46127,3.5
46129,4.9
46135,2.8
46137,5.1
47001,4.0
47003,4.0
47005,5.4
47007,5.9
47009,3.5
47011,3.7
47013,5.2
47015,3.6
47017,5.2
47019,4.6
47021,3.1
47023,4.0
47025,4.7
47027,5.1
47029,5.3
47031,3.7
47033,4.2
47035,4.7
47037,2.8
47039,5.2
47041,4.8
47043,3.4
47045,4.9
47047,4.0
47049,4.6
47051,3.8
47053,4.6
47055,3.4
47057,4.3
47059,4.6
47061,5.0
47063,4.1
47065,3.7
47067,5.8
47069,5.2
47071,4.7
47073,4.3
47075,5.3
47077,5.2
47079,4.6
47081,3.5
47083,5.9
47085,4.4
47087,5.4
47089,4.1
47091,3.9
47093,3.2
47095,5.6
47097,5.8
47099,4.4
47101,4.6
47103,3.3
47105,3.7
47107,4.4
47109,5.7
47111,3.5
47113,4.0
47115,4.9
47117,3.5
47119,3.3
47121,5.3
47123,4.0
47125,4.1
47127,3.1
47129,4.9
47131,5.5
47133,4.2
47135,4.9
47137,4.4
47139,4.6
47141,3.8
47143,6.5
47145,4.4
47147,3.4
47149,2.9
47151,5.1
47153,5.1
47155,4.0
47157,4.4
47159,3.6
47161,5.4
47163,4.1
47165,3.0
47167,4.5
47169,3.5
47171,5.4
47173,4.4
47175,4.3
47177,4.0
47179,3.8
47181,5.3
47183,4.9
47185,4.0
47187,2.7
47189,3.0
48001,3.6
48003,3.1
48005,5.1
48007,6.8
48009,3.4
48011,2.6
48013,4.3
48015,4.4
48017,4.3
48019,3.6
48021,3.6
48023,3.4
48025,6.5
48027,4.3
48029,3.5
48031,2.8
48033,3.4
48035,4.0
48037,4.6
48039,5.3
48041,3.1
48043,3.5
48045,4.3
48047,8.3
48049,3.9
48051,4.2
48053,3.2
48055,3.9
48057,5.8
48059,3.6
48061,6.9
48063,5.7
48065,3.2
48067,6.0
48069,3.3
48071,6.5
48073,4.5
48075,3.0
48077,3.5
48079,4.6
48081,3.7
48083,4.5
48085,3.5
48087,3.6
48089,4.0
48091,3.4
48093,3.7
48095,4.2
48097,3.6
48099,4.4
48101,4.2
48103,5.3
48105,4.0
48107,4.2
48109,3.7
48111,2.1
48113,3.9
48115,4.9
48117,3.1
48119,3.4
48121,3.3
48123,4.4
48125,4.8
48127,5.1
48129,3.6
48131,7.7
48133,4.3
48135,4.1
48137,3.2
48139,3.5
48141,4.6
48143,3.4
48145,4.2
48147,3.3
48149,3.2
48151,3.6
48153,5.5
48155,3.4
48157,4.6
48159,4.6
48161,6.4
48163,3.9
48165,3.0
48167,5.3
48169,3.3
48171,2.6
48173,2.7
48175,4.9
48177,3.5
48179,5.2
48181,3.5
48183,5.2
48185,5.4
48187,3.3
48189,5.1
48191,6.1
48193,3.9
48195,2.5
48197,4.0
48199,6.1
48201,5.1
48203,5.2
48205,2.0
48207,4.8
48209,3.2
48211,2.5
48213,4.2
48215,7.5
48217,3.9
48219,3.7
48221,4.2
48223,3.6
48225,4.3
48227,4.3
48229,5.8
48231,4.0
48233,6.0
48235,3.0
48237,3.7
48239,4.0
48241,7.5
48243,3.2
48245,7.4
48247,7.3
48249,7.6
48251,3.8
48253,5.3
48255,3.5
48257,3.5
48259,3.1
48261,3.3
48263,2.6
48265,3.4
48267,3.5
48269,3.6
48271,5.6
48273,5.9
48275,4.0
48277,4.2
48279,5.2
48281,3.7
48283,3.7
48285,3.6
48287,3.3
48289,6.3
48291,7.1
48293,5.6
48295,3.2
48297,4.7
48299,3.8
48301,5.0
48303,3.2
48305,3.7
48307,3.5
48309,3.9
48311,1.9
48313,4.7
48315,5.7
48317,3.2
48319,3.4
48321,7.3
48323,9.3
48325,3.9
48327,4.8
48329,3.0
48331,5.0
48333,3.6
48335,5.4
48337,4.0
48339,4.4
48341,2.9
48343,8.6
48345,3.6
48347,4.3
48349,3.9
48351,8.0
48353,4.0
48355,5.4
48357,3.6
48359,2.5
48361,6.9
48363,4.1
48365,5.4
48367,3.5
48369,2.5
48371,4.7
48373,6.1
48375,3.2
48377,9.4
48379,3.6
48381,2.8
48383,3.8
48385,5.7
48387,5.2
48389,3.6
48391,5.6
48393,3.8
48395,4.7
48397,3.4
48399,3.7
48401,5.1
48403,8.6
48405,7.5
48407,5.7
48409,7.7
48411,3.2
48413,3.7
48415,4.3
48417,3.0
48419,5.2
48421,3.1
48423,4.1
48425,4.6
48427,11.8
48429,4.5
48431,3.7
48433,3.4
48435,5.1
48437,4.1
48439,3.7
48441,3.5
48443,4.6
48445,5.0
48447,4.3
48449,5.4
48451,3.7
48453,3.1
48455,5.5
48457,7.3
48459,5.2
48461,3.7
48463,4.7
48465,5.1
48467,3.8
48469,4.8
48471,4.6
48473,4.9
48475,4.0
48477,4.2
48479,4.2
48481,4.5
48483,3.9
48485,3.7
48487,4.7
48489,11.0
48491,3.3
48493,3.5
48495,5.1
48497,4.0
48499,4.7
48501,3.5
48503,3.8
48505,7.4
48507,11.2
49001,4.1
49003,3.3
49005,2.8
49007,5.1
49009,4.9
49011,3.1
49013,5.7
49015,5.1
49017,7.5
49019,5.3
49021,4.2
49023,3.4
49025,3.4
49027,3.3
49029,2.8
49031,5.0
49033,3.2
49035,3.1
49037,7.0
49039,3.9
49041,3.9
49043,3.1
49045,3.6
49047,6.0
49049,2.9
49051,3.3
49053,3.5
49055,7.4
49057,3.7
50001,2.8
50003,3.6
50005,3.7
50007,2.2
50009,4.6
50011,3.0
50013,3.4
50015,3.9
50017,3.0
50019,5.1
50021,3.5
50023,2.9
50025,3.1
50027,2.5
51001,4.5
51003,3.3
51005,4.6
51007,4.0
51009,4.1
51011,4.4
51013,2.5
51015,3.4
51017,3.0
51019,3.9
51021,4.1
51023,3.5
51025,5.3
51027,7.1
51029,5.4
51031,4.1
51033,4.3
51035,4.4
51036,4.8
51037,4.6
51041,3.6
51043,3.4
51045,4.3
51047,3.6
51049,4.1
51051,6.8
51053,4.5
51057,4.8
51059,3.0
51061,3.3
51063,3.7
51065,3.0
51067,3.9
51069,3.2
51071,4.7
51073,3.3
51075,3.5
51077,4.0
51079,3.0
51081,4.3
51083,4.9
51085,3.3
51087,3.7
51089,4.6
51091,3.3
51093,3.8
51095,3.5
51097,3.5
51099,3.7
51101,3.4
51103,5.2
51105,5.2
51107,3.0
51109,3.4
51111,4.1
51113,2.9
51115,3.7
51117,4.9
51119,3.2
51121,3.8
51125,3.5
51127,3.2
51131,5.6
51133,5.2
51135,3.8
51137,3.8
51139,5.1
51141,4.2
51143,4.3
51145,3.3
51147,4.8
51149,4.5
51153,3.4
51155,5.3
51157,3.5
51159,3.6
51161,3.4
51163,4.1
51165,3.2
51167,5.2
51169,4.0
51171,3.4
51173,5.0
51175,3.6
51177,3.7
51179,3.6
51181,4.4
51183,5.9
51185,5.6
51187,3.7
51191,4.1
51193,4.5
51195,6.4
51197,5.0
51199,3.5
51510,2.8
51520,4.5
51530,4.2
51540,3.1
51550,3.8
51570,4.0
51580,6.0
51590,5.6
51595,5.3
51600,2.9
51610,2.6
51620,5.3
51630,4.4
51640,4.2
51650,5.0
51660,4.4
51670,6.1
51678,6.0
51680,4.9
51683,3.4
51685,3.3
51690,6.3
51700,4.6
51710,4.6
51720,5.2
51730,7.3
51735,3.4
51740,5.4
51750,4.9
51760,4.3
51770,4.1
51775,3.7
51790,3.6
51800,4.1
51810,3.5
51820,4.0
51830,5.2
51840,3.6
53001,5.7
53003,4.2
53005,5.5
53007,4.8
53009,6.8
53011,5.1
53013,5.6
53015,6.1
53017,5.7
53019,11.0
53021,6.3
53023,5.3
53025,6.3
53027,7.1
53029,5.2
53031,6.1
53033,3.6
53035,4.9
53037,5.3
53039,5.9
53041,6.6
53043,4.9
53045,6.6
53047,6.8
53049,7.0
53051,7.4
53053,5.3
53055,4.0
53057,5.5
53059,6.1
53061,4.0
53063,5.4
53065,7.3
53067,4.9
53069,7.2
53071,4.9
53073,5.0
53075,4.4
53077,6.8
54001,5.8
54003,3.6
54005,6.4
54007,7.5
54009,6.1
54011,4.5
54013,10.8
54015,8.6
54017,4.2
54019,6.4
54021,7.1
54023,5.6
54025,4.8
54027,3.9
54029,6.0
54031,4.9
54033,4.8
54035,5.7
54037,3.1
54039,5.1
54041,6.6
54043,6.8
54045,7.4
54047,8.9
54049,5.3
54051,5.9
54053,6.7
54055,5.8
54057,5.2
54059,8.6
54061,3.7
54063,4.4
54065,3.9
54067,7.1
54069,4.7
54071,3.7
54073,7.0
54075,5.9
54077,4.9
54079,4.7
54081,5.3
54083,5.4
54085,5.5
54087,8.7
54089,5.9
54091,4.9
54093,5.2
54095,7.7
54097,6.1
54099,5.8
54101,6.3
54103,7.5
54105,7.9
54107,5.5
54109,7.1
55001,5.1
55003,4.6
55005,3.5
55007,5.2
55009,2.9
55011,3.8
55013,4.8
55015,2.8
55017,3.5
55019,3.1
55021,3.0
55023,4.2
55025,2.4
55027,2.9
55029,3.9
55031,4.5
55033,3.3
55035,2.9
55037,4.7
55039,2.8
55041,5.1
55043,3.1
55045,2.8
55047,3.7
55049,3.0
55051,6.2
55053,3.4
55055,3.2
55057,3.3
55059,3.9
55061,3.1
55063,2.9
55065,2.5
55067,4.2
55069,3.6
55071,3.5
55073,2.9
55075,4.4
55077,3.9
55078,5.9
55079,4.0
55081,2.9
55083,3.5
55085,3.9
55087,3.0
55089,2.7
55091,3.5
55093,3.4
55095,3.8
55097,3.1
55099,3.7
55101,4.0
55103,3.0
55105,3.7
55107,4.4
55109,3.1
55111,2.9
55113,4.7
55115,3.2
55117,2.8
55119,3.5
55121,3.1
55123,3.1
55125,4.3
55127,3.3
55129,3.9
55131,2.8
55133,2.9
55135,3.2
55137,4.0
55139,3.0
55141,3.7
56001,2.9
56003,4.2
56005,4.9
56007,4.0
56009,4.5
56011,3.5
56013,5.5
56015,2.9
56017,3.9
56019,4.2
56021,3.7
56023,3.7
56025,5.2
56027,2.8
56029,4.3
56031,3.7
56033,3.9
56035,4.5
56037,4.5
56039,2.8
56041,4.5
56043,4.0
56045,4.0
72001,15.0
72003,12.9
72005,14.5
72007,12.5
72009,14.2
72011,12.5
72013,11.7
72015,17.7
72017,14.0
72019,11.3
72021,7.7
72023,13.6
72025,9.1
72027,11.6
72029,9.7
72031,7.8
72033,9.1
72035,10.1
72037,13.5
72039,16.1
72041,8.4
72043,16.2
72045,11.7
72047,11.3
72049,4.4
72051,6.9
72053,13.3
72054,14.3
72055,18.3
72057,15.6
72059,16.4
72061,5.3
72063,7.3
72065,14.0
72067,12.7
72069,14.0
72071,13.4
72073,13.0
72075,12.9
72077,11.5
72079,19.4
72081,18.6
72083,20.6
72085,12.0
72087,9.6
72089,12.8
72091,10.6
72093,20.1
72095,17.3
72097,14.0
72099,14.7
72101,12.4
72103,11.1
72105,11.8
72107,14.3
72109,19.7
72111,17.5
72113,11.6
72115,15.8
72117,15.3
72119,9.7
72121,16.8
72123,18.7
72125,15.7
72127,7.0
72129,12.8
72131,17.6
72133,13.5
72135,7.7
72137,8.1
72139,5.9
72141,13.9
72143,10.7
72145,12.4
72147,14.5
72149,19.4
72151,16.5
72153,17.2
